,Year,Week,Team,Record,%W,GB,STRK,PF,AVG_PF,PA,AVG_PA,DIV_Record,CON_Record
0,2019,1,Jrz French Faulk's,1-0-0,1.0,-,W1,206,206.0,166,166.0,1-0-0,1-0-0
1,2019,1,Darko LaDainian Texas *,1-0-0,1.0,-,W1,157,157.0,98,98.0,1-0-0,1-0-0
2,2019,1,Isma Ray Ravens,0-1-0,0.0,1.0,L1,166,166.0,206,206.0,0-1-0,0-1-0
3,2019,1,Zgz Marino Phins,0-1-0,0.0,1.0,L1,98,98.0,157,157.0,0-1-0,0-1-0
4,2019,1,GronkSpike,1-0-0,1.0,-,W1,255,255.0,160,160.0,1-0-0,1-0-0
5,2019,1,The Adam´s Family,1-0-0,1.0,-,W1,192,192.0,189,189.0,1-0-0,1-0-0
6,2019,1,San Joe Montana 49ers,0-1-0,0.0,1.0,L1,189,189.0,192,192.0,0-1-0,0-1-0
7,2019,1,Javier Big Ben Steelers,0-1-0,0.0,1.0,L1,160,160.0,255,255.0,0-1-0,0-1-0
8,2019,1,Indiana James,1-0-0,1.0,-,W1,234,234.0,222,222.0,1-0-0,1-0-0
9,2019,1,Franquicia Sin Nombre,1-0-0,1.0,-,W1,186,186.0,150,150.0,1-0-0,1-0-0
10,2019,1,Triana Bills Kelly,0-1-0,0.0,1.0,L1,222,222.0,234,234.0,0-1-0,0-1-0
11,2019,1,NavaWarner Rams,0-1-0,0.0,1.0,L1,150,150.0,186,186.0,0-1-0,0-1-0
12,2019,1,Malaka Reed Poe,1-0-0,1.0,-,W1,219,219.0,189,189.0,1-0-0,1-0-0
13,2019,1,Smith's Terrible Showdown,1-0-0,1.0,-,W1,164,164.0,162,162.0,1-0-0,1-0-0
14,2019,1,Vlc Tigers Watt's,0-1-0,0.0,1.0,L1,189,189.0,219,219.0,0-1-0,0-1-0
15,2019,1,Córdoba Gunslingers Favre,0-1-0,0.0,1.0,L1,162,162.0,164,164.0,0-1-0,0-1-0
16,2019,2,Darko LaDainian Texas *,2-0-0,1.0,-,W2,351,175.5,227,113.5,2-0-0,2-0-0
17,2019,2,Isma Ray Ravens,1-1-0,0.5,1.0,W1,378,189.0,354,177.0,1-1-0,1-1-0
18,2019,2,Jrz French Faulk's,1-1-0,0.5,1.0,L1,335,167.5,360,180.0,1-1-0,1-1-0
19,2019,2,Zgz Marino Phins,0-2-0,0.0,2.0,L2,246,123.0,369,184.5,0-2-0,0-2-0
20,2019,2,GronkSpike,2-0-0,1.0,-,W2,461,230.5,318,159.0,2-0-0,2-0-0
21,2019,2,San Joe Montana 49ers,1-1-0,0.5,1.0,W1,384,192.0,319,159.5,1-1-0,1-1-0
22,2019,2,The Adam´s Family,1-1-0,0.5,1.0,L1,350,175.0,395,197.5,1-1-0,1-1-0
23,2019,2,Javier Big Ben Steelers,0-2-0,0.0,2.0,L2,287,143.5,450,225.0,0-2-0,0-2-0
24,2019,2,Indiana James,2-0-0,1.0,-,W2,438,219.0,376,188.0,2-0-0,2-0-0
25,2019,2,Franquicia Sin Nombre,2-0-0,1.0,-,W2,376,188.0,336,168.0,2-0-0,2-0-0
26,2019,2,Triana Bills Kelly,0-2-0,0.0,2.0,L2,408,204.0,424,212.0,0-2-0,0-2-0
27,2019,2,NavaWarner Rams,0-2-0,0.0,2.0,L2,304,152.0,390,195.0,0-2-0,0-2-0
28,2019,2,Malaka Reed Poe,2-0-0,1.0,-,W2,392,196.0,340,170.0,2-0-0,2-0-0
29,2019,2,Vlc Tigers Watt's,1-1-0,0.5,1.0,W1,399,199.5,412,206.0,1-1-0,1-1-0
30,2019,2,Smith's Terrible Showdown,1-1-0,0.5,1.0,L1,315,157.5,335,167.5,1-1-0,1-1-0
31,2019,2,Córdoba Gunslingers Favre,0-2-0,0.0,2.0,L2,355,177.5,374,187.0,0-2-0,0-2-0
32,2019,3,Isma Ray Ravens,2-1-0,0.667,-,W2,585,195.0,529,176.3,2-1-0,2-1-0
33,2019,3,Jrz French Faulk's,2-1-0,0.667,-,W1,555,185.0,503,167.7,2-1-0,2-1-0
34,2019,3,Darko LaDainian Texas *,2-1-0,0.667,-,L1,526,175.3,434,144.7,2-1-0,2-1-0
35,2019,3,Zgz Marino Phins,0-3-0,0.0,2.0,L3,389,129.7,589,196.3,0-3-0,0-3-0
36,2019,3,GronkSpike,3-0-0,1.0,-,W3,652,217.3,493,164.3,3-0-0,3-0-0
37,2019,3,The Adam´s Family,2-1-0,0.667,1.0,W1,552,184.0,579,193.0,2-1-0,2-1-0
38,2019,3,San Joe Montana 49ers,1-2-0,0.333,2.0,L1,559,186.3,510,170.0,1-2-0,1-2-0
39,2019,3,Javier Big Ben Steelers,0-3-0,0.0,3.0,L3,471,157.0,652,217.3,0-3-0,0-3-0
40,2019,3,Franquicia Sin Nombre,3-0-0,1.0,-,W3,609,203.0,565,188.3,3-0-0,3-0-0
41,2019,3,Indiana James,2-1-0,0.667,1.0,L1,667,222.3,609,203.0,2-1-0,2-1-0
42,2019,3,Triana Bills Kelly,1-2-0,0.333,2.0,W1,608,202.7,584,194.7,1-2-0,1-2-0
43,2019,3,NavaWarner Rams,0-3-0,0.0,3.0,L3,464,154.7,590,196.7,0-3-0,0-3-0
44,2019,3,Malaka Reed Poe,3-0-0,1.0,-,W3,631,210.3,538,179.3,3-0-0,3-0-0
45,2019,3,Smith's Terrible Showdown,2-1-0,0.667,1.0,W1,501,167.0,510,170.0,2-1-0,2-1-0
46,2019,3,Vlc Tigers Watt's,1-2-0,0.333,2.0,L1,574,191.3,598,199.3,1-2-0,1-2-0
47,2019,3,Córdoba Gunslingers Favre,0-3-0,0.0,3.0,L3,553,184.3,613,204.3,0-3-0,0-3-0
48,2019,4,Isma Ray Ravens,3-1-0,0.75,-,W3,754,188.5,682,170.5,2-1-0,3-1-0
49,2019,4,Darko LaDainian Texas *,3-1-0,0.75,-,W1,738,184.5,586,146.5,2-1-0,3-1-0
50,2019,4,Jrz French Faulk's,2-2-0,0.5,1.0,L1,737,184.2,708,177.0,2-1-0,2-2-0
51,2019,4,Zgz Marino Phins,1-3-0,0.25,2.0,W1,558,139.5,747,186.8,0-3-0,1-3-0
52,2019,4,GronkSpike,3-1-0,0.75,-,L1,805,201.2,662,165.5,3-0-0,3-1-0
53,2019,4,The Adam´s Family,2-2-0,0.5,1.0,L1,704,176.0,791,197.8,2-1-0,2-2-0
54,2019,4,San Joe Montana 49ers,1-3-0,0.25,2.0,L2,717,179.2,679,169.8,1-2-0,1-3-0
55,2019,4,Javier Big Ben Steelers,1-3-0,0.25,2.0,W1,676,169.0,834,208.5,0-3-0,1-3-0
56,2019,4,Franquicia Sin Nombre,4-0-0,1.0,-,W4,800,200.0,754,188.5,3-0-0,4-0-0
57,2019,4,Triana Bills Kelly,2-2-0,0.5,2.0,W2,819,204.8,741,185.2,1-2-0,2-2-0
58,2019,4,Indiana James,2-2-0,0.5,2.0,L2,798,199.5,768,192.0,2-1-0,2-2-0
59,2019,4,NavaWarner Rams,1-3-0,0.25,3.0,W1,644,161.0,769,192.2,0-3-0,1-3-0
60,2019,4,Malaka Reed Poe,3-1-0,0.75,-,L1,820,205.0,729,182.2,3-0-0,3-1-0
61,2019,4,Smith's Terrible Showdown,2-2-0,0.5,1.0,L1,680,170.0,690,172.5,2-1-0,2-2-0
62,2019,4,Vlc Tigers Watt's,1-3-0,0.25,2.0,L2,731,182.8,809,202.2,1-2-0,1-3-0
63,2019,4,Córdoba Gunslingers Favre,1-3-0,0.25,2.0,W1,712,178.0,744,186.0,0-3-0,1-3-0
64,2019,5,Isma Ray Ravens,4-1-0,0.8,-,W4,959,191.8,846,169.2,2-1-0,3-1-0
65,2019,5,Darko LaDainian Texas *,4-1-0,0.8,-,W2,943,188.6,742,148.4,2-1-0,3-1-0
66,2019,5,Jrz French Faulk's,2-3-0,0.4,2.0,L2,926,185.2,965,193.0,2-1-0,2-2-0
67,2019,5,Zgz Marino Phins,1-4-0,0.2,3.0,L1,661,132.2,894,178.8,0-3-0,1-3-0
68,2019,5,GronkSpike,3-2-0,0.6,-,L2,975,195.0,897,179.4,3-0-0,3-1-0
69,2019,5,Javier Big Ben Steelers,2-3-0,0.4,1.0,W2,882,176.4,1039,207.8,0-3-0,1-3-0
70,2019,5,The Adam´s Family,2-3-0,0.4,1.0,L2,877,175.4,979,195.8,2-1-0,2-2-0
71,2019,5,San Joe Montana 49ers,1-4-0,0.2,2.0,L3,861,172.2,824,164.8,1-2-0,1-3-0
72,2019,5,Franquicia Sin Nombre,5-0-0,1.0,-,W5,988,197.6,927,185.4,3-0-0,4-0-0
73,2019,5,Triana Bills Kelly,3-2-0,0.6,2.0,W3,1054,210.8,911,182.2,1-2-0,2-2-0
74,2019,5,Indiana James,2-3-0,0.4,3.0,L3,1003,200.6,974,194.8,2-1-0,2-2-0
75,2019,5,NavaWarner Rams,2-3-0,0.4,3.0,W2,789,157.8,913,182.6,0-3-0,1-3-0
76,2019,5,Malaka Reed Poe,3-2-0,0.6,-,L2,976,195.2,934,186.8,3-0-0,3-1-0
77,2019,5,Smith's Terrible Showdown,3-2-0,0.6,-,W1,937,187.4,879,175.8,2-1-0,2-2-0
78,2019,5,Córdoba Gunslingers Favre,2-3-0,0.4,1.0,W2,859,171.8,847,169.4,0-3-0,1-3-0
79,2019,5,Vlc Tigers Watt's,1-4-0,0.2,2.0,L3,895,179.0,1014,202.8,1-2-0,1-3-0
80,2019,6,Isma Ray Ravens,5-1-0,0.833,-,W5,1122,187.0,996,166.0,2-1-0,4-1-0
81,2019,6,Darko LaDainian Texas *,4-2-0,0.667,1.0,L1,1111,185.2,913,152.2,2-1-0,3-2-0
82,2019,6,Jrz French Faulk's,3-3-0,0.5,2.0,W1,1086,181.0,1111,185.2,2-1-0,3-2-0
83,2019,6,Zgz Marino Phins,2-4-0,0.333,3.0,W1,831,138.5,1058,176.3,0-3-0,2-3-0
84,2019,6,GronkSpike,4-2-0,0.667,-,W1,1146,191.0,1065,177.5,3-0-0,4-1-0
85,2019,6,Javier Big Ben Steelers,2-4-0,0.333,2.0,L1,1046,174.3,1209,201.5,0-3-0,1-4-0
86,2019,6,The Adam´s Family,2-4-0,0.333,2.0,L3,1023,170.5,1139,189.8,2-1-0,2-3-0
87,2019,6,San Joe Montana 49ers,1-5-0,0.167,3.0,L4,1011,168.5,987,164.5,1-2-0,1-4-0
88,2019,6,Franquicia Sin Nombre,6-0-0,1.0,-,W6,1157,192.8,1075,179.2,3-0-0,5-0-0
89,2019,6,Triana Bills Kelly,4-2-0,0.667,2.0,W4,1244,207.3,1060,176.7,1-2-0,3-2-0
90,2019,6,Indiana James,2-4-0,0.333,4.0,L4,1148,191.3,1121,186.8,2-1-0,2-3-0
91,2019,6,NavaWarner Rams,2-4-0,0.333,4.0,L1,896,149.3,1091,181.8,0-3-0,1-4-0
92,2019,6,Malaka Reed Poe,3-3-0,0.5,-,L3,1125,187.5,1124,187.3,3-0-0,3-2-0
93,2019,6,Smith's Terrible Showdown,3-3-0,0.5,-,L1,1085,180.8,1048,174.7,2-1-0,2-3-0
94,2019,6,Córdoba Gunslingers Favre,3-3-0,0.5,-,W3,1037,172.8,954,159.0,0-3-0,2-3-0
95,2019,6,Vlc Tigers Watt's,2-4-0,0.333,1.0,W1,1042,173.7,1159,193.2,1-2-0,2-3-0
96,2019,7,Darko LaDainian Texas *,5-2-0,0.714,-,W1,1269,181.3,1068,152.6,2-1-0,3-2-0
97,2019,7,Isma Ray Ravens,5-2-0,0.714,-,L1,1239,177.0,1127,161.0,2-1-0,4-1-0
98,2019,7,Jrz French Faulk's,4-3-0,0.571,1.0,W2,1274,182.0,1280,182.9,2-1-0,3-2-0
99,2019,7,Zgz Marino Phins,2-5-0,0.286,3.0,L1,931,133.0,1257,179.6,0-3-0,2-3-0
100,2019,7,GronkSpike,4-3-0,0.571,-,L1,1293,184.7,1225,175.0,3-0-0,4-1-0
101,2019,7,Javier Big Ben Steelers,3-4-0,0.429,1.0,W1,1256,179.4,1369,195.6,0-3-0,1-4-0
102,2019,7,The Adam´s Family,2-5-0,0.286,2.0,L4,1127,161.0,1344,192.0,2-1-0,2-3-0
103,2019,7,San Joe Montana 49ers,1-6-0,0.143,3.0,L5,1181,168.7,1170,167.1,1-2-0,1-4-0
104,2019,7,Franquicia Sin Nombre,6-1-0,0.857,-,L1,1312,187.4,1233,176.1,3-0-0,5-0-0
105,2019,7,Triana Bills Kelly,4-3-0,0.571,2.0,L1,1413,201.9,1248,178.3,1-2-0,3-2-0
106,2019,7,Indiana James,3-4-0,0.429,3.0,W1,1279,182.7,1238,176.9,2-1-0,2-3-0
107,2019,7,NavaWarner Rams,3-4-0,0.429,3.0,W1,1095,156.4,1191,170.1,0-3-0,1-4-0
108,2019,7,Smith's Terrible Showdown,4-3-0,0.571,-,W1,1290,184.3,1152,164.6,2-1-0,2-3-0
109,2019,7,Malaka Reed Poe,4-3-0,0.571,-,W1,1285,183.6,1271,181.6,3-0-0,3-2-0
110,2019,7,Córdoba Gunslingers Favre,4-3-0,0.571,-,W4,1220,174.3,1124,160.6,0-3-0,2-3-0
111,2019,7,Vlc Tigers Watt's,2-5-0,0.286,2.0,L1,1202,171.7,1369,195.6,1-2-0,2-3-0
112,2019,8,Darko LaDainian Texas *,5-3-0,0.625,-,L1,1477,184.6,1284,160.5,2-1-0,3-2-0
113,2019,8,Jrz French Faulk's,5-3-0,0.625,-,W3,1464,183.0,1436,179.5,2-1-0,3-2-0
114,2019,8,Isma Ray Ravens,5-3-0,0.625,-,L2,1422,177.8,1327,165.9,2-1-0,4-1-0
115,2019,8,Zgz Marino Phins,2-6-0,0.25,3.0,L2,1080,135.0,1461,182.6,0-3-0,2-3-0
116,2019,8,GronkSpike,5-3-0,0.625,-,W1,1476,184.5,1398,174.8,3-0-0,4-1-0
117,2019,8,Javier Big Ben Steelers,4-4-0,0.5,1.0,W2,1431,178.9,1508,188.5,0-3-0,1-4-0
118,2019,8,The Adam´s Family,2-6-0,0.25,3.0,L5,1274,159.2,1582,197.8,2-1-0,2-3-0
119,2019,8,San Joe Montana 49ers,1-7-0,0.125,4.0,L6,1335,166.9,1375,171.9,1-2-0,1-4-0
120,2019,8,Franquicia Sin Nombre,7-1-0,0.875,-,W1,1517,189.6,1387,173.4,3-0-0,5-0-0
121,2019,8,Triana Bills Kelly,4-4-0,0.5,3.0,L2,1552,194.0,1423,177.9,1-2-0,3-2-0
122,2019,8,NavaWarner Rams,4-4-0,0.5,3.0,W2,1333,166.6,1338,167.2,0-3-0,1-4-0
123,2019,8,Indiana James,3-5-0,0.375,4.0,L1,1452,181.5,1421,177.6,2-1-0,2-3-0
124,2019,8,Smith's Terrible Showdown,5-3-0,0.625,-,W2,1506,188.2,1360,170.0,2-1-0,2-3-0
125,2019,8,Malaka Reed Poe,5-3-0,0.625,-,W2,1489,186.1,1420,177.5,3-0-0,3-2-0
126,2019,8,Córdoba Gunslingers Favre,5-3-0,0.625,-,W5,1420,177.5,1307,163.4,0-3-0,2-3-0
127,2019,8,Vlc Tigers Watt's,2-6-0,0.25,3.0,L2,1358,169.8,1559,194.9,1-2-0,2-3-0
128,2019,9,Jrz French Faulk's,6-3-0,0.667,-,W4,1689,187.7,1631,181.2,2-1-0,4-2-0
129,2019,9,Isma Ray Ravens,6-3-0,0.667,-,W1,1620,180.0,1485,165.0,2-1-0,5-1-0
130,2019,9,Darko LaDainian Texas *,5-4-0,0.556,1.0,L2,1635,181.7,1463,162.6,2-1-0,3-3-0
131,2019,9,Zgz Marino Phins,3-6-0,0.333,3.0,W1,1266,140.7,1616,179.6,0-3-0,3-3-0
132,2019,9,GronkSpike,5-4-0,0.556,-,L1,1631,181.2,1584,176.0,3-0-0,4-2-0
133,2019,9,Javier Big Ben Steelers,5-4-0,0.556,-,W3,1610,178.9,1666,185.1,0-3-0,2-4-0
134,2019,9,The Adam´s Family,2-7-0,0.222,3.0,L6,1432,159.1,1780,197.8,2-1-0,2-4-0
135,2019,9,San Joe Montana 49ers,1-8-0,0.111,4.0,L7,1530,170.0,1600,177.8,1-2-0,1-5-0
136,2019,9,Franquicia Sin Nombre,7-2-0,0.778,-,L1,1678,186.4,1598,177.6,3-0-0,5-1-0
137,2019,9,Triana Bills Kelly,4-5-0,0.444,3.0,L3,1717,190.8,1601,177.9,1-2-0,3-3-0
138,2019,9,NavaWarner Rams,4-5-0,0.444,3.0,L1,1505,167.2,1536,170.7,0-3-0,1-5-0
139,2019,9,Indiana James,3-6-0,0.333,4.0,L2,1621,180.1,1601,177.9,2-1-0,2-4-0
140,2019,9,Smith's Terrible Showdown,6-3-0,0.667,-,W3,1684,187.1,1525,169.4,2-1-0,3-3-0
141,2019,9,Malaka Reed Poe,6-3-0,0.667,-,W3,1669,185.4,1589,176.6,3-0-0,4-2-0
142,2019,9,Córdoba Gunslingers Favre,6-3-0,0.667,-,W6,1631,181.2,1468,163.1,0-3-0,3-3-0
143,2019,9,Vlc Tigers Watt's,3-6-0,0.333,3.0,W1,1556,172.9,1731,192.3,1-2-0,3-3-0
144,2019,10,Isma Ray Ravens,7-3-0,0.7,-,W2,1786,178.6,1636,163.6,2-1-0,6-1-0
145,2019,10,Jrz French Faulk's,6-3-1,0.65,.5,T1,1890,189.0,1832,183.2,2-1-0,4-2-1
146,2019,10,Darko LaDainian Texas *,5-5-0,0.5,2.0,L3,1795,179.5,1651,165.1,2-1-0,3-4-0
147,2019,10,Zgz Marino Phins,3-7-0,0.3,4.0,L1,1390,139.0,1743,174.3,0-3-0,3-4-0
148,2019,10,GronkSpike,5-4-1,0.55,-,T1,1832,183.2,1785,178.5,3-0-0,4-2-1
149,2019,10,Javier Big Ben Steelers,5-5-0,0.5,.5,L1,1761,176.1,1832,183.2,0-3-0,2-5-0
150,2019,10,The Adam´s Family,3-7-0,0.3,2.5,W1,1559,155.9,1904,190.4,2-1-0,3-4-0
151,2019,10,San Joe Montana 49ers,2-8-0,0.2,3.5,W1,1718,171.8,1760,176.0,1-2-0,2-5-0
152,2019,10,Franquicia Sin Nombre,7-3-0,0.7,-,L2,1815,181.5,1784,178.4,3-0-0,5-2-0
153,2019,10,Triana Bills Kelly,5-5-0,0.5,2.0,W1,1960,196.0,1750,175.0,1-2-0,4-3-0
154,2019,10,NavaWarner Rams,4-6-0,0.4,3.0,L2,1687,168.7,1720,172.0,0-3-0,1-6-0
155,2019,10,Indiana James,3-7-0,0.3,4.0,L3,1761,176.1,1756,175.6,2-1-0,2-5-0
156,2019,10,Malaka Reed Poe,7-3-0,0.7,-,W4,1853,185.3,1771,177.1,3-0-0,5-2-0
157,2019,10,Smith's Terrible Showdown,7-3-0,0.7,-,W4,1839,183.9,1665,166.5,2-1-0,4-3-0
158,2019,10,Córdoba Gunslingers Favre,6-4-0,0.6,1.0,L1,1780,178.0,1711,171.1,0-3-0,3-4-0
159,2019,10,Vlc Tigers Watt's,4-6-0,0.4,3.0,W2,1742,174.2,1868,186.8,1-2-0,4-3-0
160,2019,11,Jrz French Faulk's,7-3-1,0.682,-,W1,2091,190.1,1949,177.2,3-1-0,5-2-1
161,2019,11,Isma Ray Ravens,7-4-0,0.636,.5,L1,1903,173.0,1837,167.0,2-2-0,6-2-0
162,2019,11,Darko LaDainian Texas *,5-6-0,0.455,2.5,L4,1965,178.6,1825,165.9,2-2-0,3-5-0
163,2019,11,Zgz Marino Phins,4-7-0,0.364,3.5,W1,1564,142.2,1913,173.9,1-3-0,4-4-0
164,2019,11,Javier Big Ben Steelers,6-5-0,0.545,-,W1,1934,175.8,1953,177.5,1-3-0,3-5-0
165,2019,11,GronkSpike,5-5-1,0.5,.5,L1,1953,177.5,1958,178.0,3-1-0,4-3-1
166,2019,11,The Adam´s Family,4-7-0,0.364,2.0,W2,1711,155.5,2055,186.8,3-1-0,4-4-0
167,2019,11,San Joe Montana 49ers,2-9-0,0.182,4.0,L1,1869,169.9,1912,173.8,1-3-0,2-6-0
168,2019,11,Franquicia Sin Nombre,8-3-0,0.727,-,W1,2008,182.5,1923,174.8,4-0-0,6-2-0
169,2019,11,Triana Bills Kelly,6-5-0,0.545,2.0,W2,2174,197.6,1909,173.5,2-2-0,5-3-0
170,2019,11,NavaWarner Rams,4-7-0,0.364,4.0,L3,1826,166.0,1913,173.9,0-4-0,1-7-0
171,2019,11,Indiana James,3-8-0,0.273,5.0,L4,1920,174.5,1970,179.1,2-2-0,2-6-0
172,2019,11,Smith's Terrible Showdown,8-3-0,0.727,-,W5,2038,185.3,1842,167.5,3-1-0,5-3-0
173,2019,11,Malaka Reed Poe,8-3-0,0.727,-,W5,2037,185.2,1930,175.5,4-0-0,6-2-0
174,2019,11,Córdoba Gunslingers Favre,6-5-0,0.545,2.0,L2,1957,177.9,1910,173.6,0-4-0,3-5-0
175,2019,11,Vlc Tigers Watt's,4-7-0,0.364,4.0,L1,1901,172.8,2052,186.5,1-3-0,4-4-0
176,2019,12,Jrz French Faulk's,7-4-1,0.625,-,L1,2237,186.4,2164,180.3,3-2-0,5-3-1
177,2019,12,Isma Ray Ravens,7-5-0,0.583,.5,L2,2074,172.8,2032,169.3,2-3-0,6-3-0
178,2019,12,Darko LaDainian Texas *,6-6-0,0.5,1.5,W1,2180,181.7,1971,164.2,3-2-0,4-5-0
179,2019,12,Zgz Marino Phins,5-7-0,0.417,2.5,W2,1759,146.6,2084,173.7,2-3-0,5-4-0
180,2019,12,Javier Big Ben Steelers,7-5-0,0.583,-,W2,2094,174.5,2062,171.8,2-3-0,4-5-0
181,2019,12,GronkSpike,5-6-1,0.458,1.5,L2,2100,175.0,2106,175.5,3-2-0,4-4-1
182,2019,12,The Adam´s Family,5-7-0,0.417,2.0,W3,1859,154.9,2202,183.5,4-1-0,5-4-0
183,2019,12,San Joe Montana 49ers,2-10-0,0.167,5.0,L2,1978,164.8,2072,172.7,1-4-0,2-7-0
184,2019,12,Franquicia Sin Nombre,8-4-0,0.667,-,L1,2217,184.8,2137,178.1,4-1-0,6-3-0
185,2019,12,Triana Bills Kelly,7-5-0,0.583,1.0,W3,2388,199.0,2118,176.5,3-2-0,6-3-0
186,2019,12,NavaWarner Rams,5-7-0,0.417,3.0,W1,2011,167.6,2041,170.1,1-4-0,2-7-0
187,2019,12,Indiana James,3-9-0,0.25,5.0,L5,2048,170.7,2155,179.6,2-3-0,2-7-0
188,2019,12,Malaka Reed Poe,9-3-0,0.75,-,W6,2234,186.2,2086,173.8,5-0-0,7-2-0
189,2019,12,Smith's Terrible Showdown,8-4-0,0.667,1.0,L1,2194,182.8,2039,169.9,3-2-0,5-4-0
190,2019,12,Córdoba Gunslingers Favre,6-6-0,0.5,3.0,L3,2099,174.9,2070,172.5,0-5-0,3-6-0
191,2019,12,Vlc Tigers Watt's,5-7-0,0.417,4.0,W1,2061,171.8,2194,182.8,2-3-0,5-4-0
192,2019,13,Isma Ray Ravens,8-5-0,0.615,-,W1,2284,175.7,2224,171.1,3-3-0,7-3-0
193,2019,13,Jrz French Faulk's,7-5-1,0.577,.5,L2,2400,184.6,2358,181.4,3-3-0,5-4-1
194,2019,13,Darko LaDainian Texas *,6-7-0,0.462,2.0,L1,2372,182.5,2181,167.8,3-3-0,4-6-0
195,2019,13,Zgz Marino Phins,6-7-0,0.462,2.0,W3,1953,150.2,2247,172.8,3-3-0,6-4-0
196,2019,13,Javier Big Ben Steelers,8-5-0,0.615,-,W3,2293,176.4,2162,166.3,3-3-0,5-5-0
197,2019,13,GronkSpike,5-7-1,0.423,2.5,L3,2252,173.2,2281,175.5,3-3-0,4-5-1
198,2019,13,The Adam´s Family,5-8-0,0.385,3.0,L1,1959,150.7,2401,184.7,4-2-0,5-5-0
199,2019,13,San Joe Montana 49ers,3-10-0,0.231,5.0,W1,2153,165.6,2224,171.1,2-4-0,3-7-0
200,2019,13,Franquicia Sin Nombre,9-4-0,0.692,-,W1,2403,184.8,2274,174.9,5-1-0,7-3-0
201,2019,13,Triana Bills Kelly,8-5-0,0.615,1.0,W4,2564,197.2,2289,176.1,4-2-0,7-3-0
202,2019,13,NavaWarner Rams,5-8-0,0.385,4.0,L1,2182,167.8,2217,170.5,1-5-0,2-8-0
203,2019,13,Indiana James,3-10-0,0.231,6.0,L6,2185,168.1,2341,180.1,2-4-0,2-8-0
204,2019,13,Smith's Terrible Showdown,9-4-0,0.692,-,W1,2409,185.3,2218,170.6,4-2-0,6-4-0
205,2019,13,Malaka Reed Poe,9-4-0,0.692,-,L1,2408,185.2,2264,174.2,5-1-0,7-3-0
206,2019,13,Córdoba Gunslingers Favre,7-6-0,0.538,2.0,W1,2277,175.2,2244,172.6,1-5-0,4-6-0
207,2019,13,Vlc Tigers Watt's,5-8-0,0.385,4.0,L1,2240,172.3,2409,185.3,2-4-0,5-5-0
208,2020,1,Zgz Marino Phins,1-0-0,1.0,-,W1,204,204.0,184,184.0,1-0-0,1-0-0
209,2020,1,Isma Ray Ravens,1-0-0,1.0,-,W1,187,187.0,143,143.0,1-0-0,1-0-0
210,2020,1,Darko LaDainian Texas *,0-1-0,0.0,1.0,L1,184,184.0,204,204.0,0-1-0,0-1-0
211,2020,1,Jrz French Faulk's,0-1-0,0.0,1.0,L1,143,143.0,187,187.0,0-1-0,0-1-0
212,2020,1,GronkSpike,1-0-0,1.0,-,W1,221,221.0,171,171.0,1-0-0,1-0-0
213,2020,1,San Joe Montana 49ers,1-0-0,1.0,-,W1,214,214.0,155,155.0,1-0-0,1-0-0
214,2020,1,Javier Big Ben Steelers,0-1-0,0.0,1.0,L1,171,171.0,221,221.0,0-1-0,0-1-0
215,2020,1,The Adam´s Family,0-1-0,0.0,1.0,L1,155,155.0,214,214.0,0-1-0,0-1-0
216,2020,1,Triana Bills Kelly,1-0-0,1.0,-,W1,182,182.0,142,142.0,1-0-0,1-0-0
217,2020,1,El Predicador Almogávar,1-0-0,1.0,-,W1,140,140.0,0,0.0,1-0-0,1-0-0
218,2020,1,Indiana James,0-1-0,0.0,1.0,L1,142,142.0,182,182.0,0-1-0,0-1-0
219,2020,1,Pittsburgh Terror Lambert,0-1-0,0.0,1.0,L1,0,0.0,140,140.0,0-1-0,0-1-0
220,2020,1,Vlc Tigers Watt's,1-0-0,1.0,-,W1,202,202.0,194,194.0,1-0-0,1-0-0
221,2020,1,Smith's Terrible Showdown,1-0-0,1.0,-,W1,197,197.0,174,174.0,1-0-0,1-0-0
222,2020,1,Malaka Reed Poe,0-1-0,0.0,1.0,L1,194,194.0,202,202.0,0-1-0,0-1-0
223,2020,1,Córdoba Gunslingers Favre,0-1-0,0.0,1.0,L1,174,174.0,197,197.0,0-1-0,0-1-0
224,2020,2,Zgz Marino Phins,2-0-0,1.0,-,W2,378,189.0,351,175.5,2-0-0,2-0-0
225,2020,2,Isma Ray Ravens,1-1-0,0.5,1.0,L1,354,177.0,317,158.5,1-1-0,1-1-0
226,2020,2,Jrz French Faulk's,1-1-0,0.5,1.0,W1,334,167.0,358,179.0,1-1-0,1-1-0
227,2020,2,Darko LaDainian Texas *,0-2-0,0.0,2.0,L2,355,177.5,395,197.5,0-2-0,0-2-0
228,2020,2,San Joe Montana 49ers,2-0-0,1.0,-,W2,424,212.0,351,175.5,2-0-0,2-0-0
229,2020,2,GronkSpike,2-0-0,1.0,-,W2,403,201.5,333,166.5,2-0-0,2-0-0
230,2020,2,Javier Big Ben Steelers,0-2-0,0.0,2.0,L2,367,183.5,431,215.5,0-2-0,0-2-0
231,2020,2,The Adam´s Family,0-2-0,0.0,2.0,L2,317,158.5,396,198.0,0-2-0,0-2-0
232,2020,2,Triana Bills Kelly,2-0-0,1.0,-,W2,408,204.0,142,71.0,2-0-0,2-0-0
233,2020,2,El Predicador Almogávar,2-0-0,1.0,-,W2,313,156.5,165,82.5,2-0-0,2-0-0
234,2020,2,Indiana James,0-2-0,0.0,2.0,L2,307,153.5,355,177.5,0-2-0,0-2-0
235,2020,2,Pittsburgh Terror Lambert,0-2-0,0.0,2.0,L2,0,0.0,366,183.0,0-2-0,0-2-0
236,2020,2,Smith's Terrible Showdown,2-0-0,1.0,-,W2,471,235.5,341,170.5,2-0-0,2-0-0
237,2020,2,Vlc Tigers Watt's,2-0-0,1.0,-,W2,407,203.5,386,193.0,2-0-0,2-0-0
238,2020,2,Córdoba Gunslingers Favre,0-2-0,0.0,2.0,L2,366,183.0,402,201.0,0-2-0,0-2-0
239,2020,2,Malaka Reed Poe,0-2-0,0.0,2.0,L2,361,180.5,476,238.0,0-2-0,0-2-0
240,2020,3,Isma Ray Ravens,2-1-0,0.667,-,W1,565,188.3,487,162.3,2-1-0,2-1-0
241,2020,3,Jrz French Faulk's,2-1-0,0.667,-,W2,552,184.0,523,174.3,2-1-0,2-1-0
242,2020,3,Zgz Marino Phins,2-1-0,0.667,-,L1,543,181.0,569,189.7,2-1-0,2-1-0
243,2020,3,Darko LaDainian Texas *,0-3-0,0.0,2.0,L3,525,175.0,606,202.0,0-3-0,0-3-0
244,2020,3,GronkSpike,3-0-0,1.0,-,W3,612,204.0,514,171.3,3-0-0,3-0-0
245,2020,3,San Joe Montana 49ers,2-1-0,0.667,1.0,L1,605,201.7,560,186.7,2-1-0,2-1-0
246,2020,3,Javier Big Ben Steelers,1-2-0,0.333,2.0,W1,549,183.0,597,199.0,1-2-0,1-2-0
247,2020,3,The Adam´s Family,0-3-0,0.0,3.0,L3,483,161.0,578,192.7,0-3-0,0-3-0
248,2020,3,Triana Bills Kelly,3-0-0,1.0,-,W3,639,213.0,308,102.7,3-0-0,3-0-0
249,2020,3,El Predicador Almogávar,2-1-0,0.667,1.0,L1,479,159.7,396,132.0,2-1-0,2-1-0
250,2020,3,Pittsburgh Terror Lambert,1-2-0,0.333,2.0,W1,179,59.7,473,157.7,1-2-0,1-2-0
251,2020,3,Indiana James,0-3-0,0.0,3.0,L3,414,138.0,534,178.0,0-3-0,0-3-0
252,2020,3,Vlc Tigers Watt's,3-0-0,1.0,-,W3,585,195.0,541,180.3,3-0-0,3-0-0
253,2020,3,Smith's Terrible Showdown,2-1-0,0.667,1.0,L1,626,208.7,519,173.0,2-1-0,2-1-0
254,2020,3,Córdoba Gunslingers Favre,1-2-0,0.333,2.0,W1,543,181.0,556,185.3,1-2-0,1-2-0
255,2020,3,Malaka Reed Poe,0-3-0,0.0,3.0,L3,515,171.7,653,217.7,0-3-0,0-3-0
256,2020,4,Isma Ray Ravens,3-1-0,0.75,-,W2,765,191.2,663,165.8,2-1-0,3-1-0
257,2020,4,Jrz French Faulk's,3-1-0,0.75,-,W3,754,188.5,654,163.5,2-1-0,3-1-0
258,2020,4,Zgz Marino Phins,2-2-0,0.5,1.0,L2,712,178.0,777,194.2,2-1-0,2-2-0
259,2020,4,Darko LaDainian Texas *,1-3-0,0.25,2.0,W1,690,172.5,739,184.8,0-3-0,1-3-0
260,2020,4,San Joe Montana 49ers,3-1-0,0.75,-,W1,813,203.2,729,182.2,2-1-0,3-1-0
261,2020,4,GronkSpike,3-1-0,0.75,-,L1,788,197.0,714,178.5,3-0-0,3-1-0
262,2020,4,Javier Big Ben Steelers,1-3-0,0.25,2.0,L1,680,170.0,799,199.8,1-2-0,1-3-0
263,2020,4,The Adam´s Family,0-4-0,0.0,3.0,L4,616,154.0,743,185.8,0-3-0,0-4-0
264,2020,4,Triana Bills Kelly,4-0-0,1.0,-,W4,807,201.8,475,118.8,3-0-0,4-0-0
265,2020,4,El Predicador Almogávar,3-1-0,0.75,1.0,W1,653,163.2,567,141.8,2-1-0,3-1-0
266,2020,4,Indiana James,1-3-0,0.25,3.0,W1,613,153.2,707,176.8,0-3-0,1-3-0
267,2020,4,Pittsburgh Terror Lambert,1-3-0,0.25,3.0,L1,342,85.5,713,178.2,1-2-0,1-3-0
268,2020,4,Vlc Tigers Watt's,3-1-0,0.75,-,L1,752,188.0,709,177.2,3-0-0,3-1-0
269,2020,4,Smith's Terrible Showdown,2-2-0,0.5,1.0,L2,797,199.2,693,173.2,2-1-0,2-2-0
270,2020,4,Malaka Reed Poe,1-3-0,0.25,2.0,W1,755,188.8,816,204.0,0-3-0,1-3-0
271,2020,4,Córdoba Gunslingers Favre,1-3-0,0.25,2.0,L1,716,179.0,755,188.8,1-2-0,1-3-0
272,2020,5,Jrz French Faulk's,4-1-0,0.8,-,W4,913,182.6,780,156.0,2-1-0,3-1-0
273,2020,5,Isma Ray Ravens,3-2-0,0.6,1.0,L1,943,188.6,864,172.8,2-1-0,3-1-0
274,2020,5,Darko LaDainian Texas *,2-3-0,0.4,2.0,W2,943,188.6,935,187.0,0-3-0,1-3-0
275,2020,5,Zgz Marino Phins,2-3-0,0.4,2.0,L3,871,174.2,955,191.0,2-1-0,2-2-0
276,2020,5,GronkSpike,4-1-0,0.8,-,W1,969,193.8,849,169.8,3-0-0,3-1-0
277,2020,5,San Joe Montana 49ers,3-2-0,0.6,1.0,L1,942,188.4,861,172.2,2-1-0,3-1-0
278,2020,5,Javier Big Ben Steelers,2-3-0,0.4,2.0,W1,881,176.2,923,184.6,1-2-0,1-3-0
279,2020,5,The Adam´s Family,0-5-0,0.0,4.0,L5,776,155.2,909,181.8,0-3-0,0-4-0
280,2020,5,Triana Bills Kelly,4-1-0,0.8,-,L1,942,188.4,656,131.2,3-0-0,4-0-0
281,2020,5,El Predicador Almogávar,4-1-0,0.8,-,W2,785,157.0,696,139.2,2-1-0,3-1-0
282,2020,5,Pittsburgh Terror Lambert,2-3-0,0.4,2.0,W1,508,101.6,873,174.6,1-2-0,1-3-0
283,2020,5,Indiana James,1-4-0,0.2,3.0,L1,737,147.4,908,181.6,0-3-0,1-3-0
284,2020,5,Vlc Tigers Watt's,4-1-0,0.8,-,W1,953,190.6,887,177.4,3-0-0,3-1-0
285,2020,5,Smith's Terrible Showdown,2-3-0,0.4,2.0,L3,923,184.6,852,170.4,2-1-0,2-2-0
286,2020,5,Córdoba Gunslingers Favre,2-3-0,0.4,2.0,W1,894,178.8,914,182.8,1-2-0,1-3-0
287,2020,5,Malaka Reed Poe,1-4-0,0.2,3.0,L1,951,190.2,1069,213.8,0-3-0,1-3-0
288,2020,6,Jrz French Faulk's,5-1-0,0.833,-,W5,1109,184.8,909,151.5,2-1-0,4-1-0
289,2020,6,Isma Ray Ravens,4-2-0,0.667,1.0,W1,1167,194.5,983,163.8,2-1-0,4-1-0
290,2020,6,Darko LaDainian Texas *,2-4-0,0.333,3.0,L1,1120,186.7,1155,192.5,0-3-0,1-4-0
291,2020,6,Zgz Marino Phins,2-4-0,0.333,3.0,L4,1017,169.5,1139,189.8,2-1-0,2-3-0
292,2020,6,GronkSpike,5-1-0,0.833,-,W2,1189,198.2,1026,171.0,3-0-0,4-1-0
293,2020,6,Javier Big Ben Steelers,3-3-0,0.5,2.0,W2,1065,177.5,1069,178.2,1-2-0,2-3-0
294,2020,6,San Joe Montana 49ers,3-3-0,0.5,2.0,L2,1061,176.8,1085,180.8,2-1-0,3-2-0
295,2020,6,The Adam´s Family,0-6-0,0.0,5.0,L6,905,150.8,1105,184.2,0-3-0,0-5-0
296,2020,6,Triana Bills Kelly,5-1-0,0.833,-,W1,1101,183.5,810,135.0,3-0-0,5-0-0
297,2020,6,El Predicador Almogávar,5-1-0,0.833,-,W3,956,159.3,819,136.5,2-1-0,4-1-0
298,2020,6,Pittsburgh Terror Lambert,2-4-0,0.333,3.0,L1,605,100.8,1011,168.5,1-2-0,1-4-0
299,2020,6,Indiana James,1-5-0,0.167,4.0,L2,916,152.7,1146,191.0,0-3-0,1-4-0
300,2020,6,Vlc Tigers Watt's,5-1-0,0.833,-,W2,1191,198.5,1066,177.7,3-0-0,4-1-0
301,2020,6,Smith's Terrible Showdown,3-3-0,0.5,2.0,W1,1061,176.8,949,158.2,2-1-0,3-2-0
302,2020,6,Córdoba Gunslingers Favre,2-4-0,0.333,3.0,L1,1017,169.5,1085,180.8,1-2-0,1-4-0
303,2020,6,Malaka Reed Poe,1-5-0,0.167,4.0,L2,1105,184.2,1228,204.7,0-3-0,1-4-0
304,2020,7,Jrz French Faulk's,6-1-0,0.857,-,W6,1357,193.9,1141,163.0,2-1-0,4-1-0
305,2020,7,Isma Ray Ravens,5-2-0,0.714,1.0,W2,1350,192.9,1108,158.3,2-1-0,4-1-0
306,2020,7,Darko LaDainian Texas *,3-4-0,0.429,3.0,W1,1287,183.9,1249,178.4,0-3-0,1-4-0
307,2020,7,Zgz Marino Phins,3-4-0,0.429,3.0,W1,1194,170.6,1292,184.6,2-1-0,2-3-0
308,2020,7,GronkSpike,6-1-0,0.857,-,W3,1371,195.9,1145,163.6,3-0-0,4-1-0
309,2020,7,Javier Big Ben Steelers,3-4-0,0.429,3.0,L1,1245,177.9,1281,183.0,1-2-0,2-3-0
310,2020,7,San Joe Montana 49ers,3-4-0,0.429,3.0,L3,1218,174.0,1307,186.7,2-1-0,3-2-0
311,2020,7,The Adam´s Family,1-6-0,0.143,5.0,W1,1040,148.6,1235,176.4,0-3-0,0-5-0
312,2020,7,Triana Bills Kelly,5-2-0,0.714,-,L1,1333,190.4,1058,151.1,3-0-0,5-0-0
313,2020,7,El Predicador Almogávar,5-2-0,0.714,-,L1,1109,158.4,996,142.3,2-1-0,4-1-0
314,2020,7,Pittsburgh Terror Lambert,2-5-0,0.286,3.0,L2,699,99.9,1178,168.3,1-2-0,1-4-0
315,2020,7,Indiana James,1-6-0,0.143,4.0,L3,1041,148.7,1329,189.9,0-3-0,1-4-0
316,2020,7,Vlc Tigers Watt's,6-1-0,0.857,-,W3,1403,200.4,1246,178.0,3-0-0,4-1-0
317,2020,7,Córdoba Gunslingers Favre,3-4-0,0.429,3.0,W1,1239,177.0,1242,177.4,1-2-0,1-4-0
318,2020,7,Smith's Terrible Showdown,3-4-0,0.429,3.0,L1,1191,170.1,1084,154.9,2-1-0,3-2-0
319,2020,7,Malaka Reed Poe,1-6-0,0.143,5.0,L3,1224,174.9,1410,201.4,0-3-0,1-4-0
320,2020,8,Jrz French Faulk's,7-1-0,0.875,-,W7,1551,193.9,1299,162.4,2-1-0,4-1-0
321,2020,8,Isma Ray Ravens,6-2-0,0.75,1.0,W3,1527,190.9,1261,157.6,2-1-0,4-1-0
322,2020,8,Darko LaDainian Texas *,4-4-0,0.5,3.0,W2,1464,183.0,1397,174.6,0-3-0,1-4-0
323,2020,8,Zgz Marino Phins,3-5-0,0.375,4.0,L1,1337,167.1,1492,186.5,2-1-0,2-3-0
324,2020,8,GronkSpike,7-1-0,0.875,-,W4,1578,197.2,1260,157.5,3-0-0,4-1-0
325,2020,8,San Joe Montana 49ers,4-4-0,0.5,3.0,W1,1401,175.1,1466,183.2,2-1-0,3-2-0
326,2020,8,Javier Big Ben Steelers,3-5-0,0.375,4.0,L2,1432,179.0,1473,184.1,1-2-0,2-3-0
327,2020,8,The Adam´s Family,2-6-0,0.25,5.0,W2,1217,152.1,1362,170.2,0-3-0,0-5-0
328,2020,8,Triana Bills Kelly,6-2-0,0.75,-,W1,1525,190.6,1245,155.6,3-0-0,5-0-0
329,2020,8,El Predicador Almogávar,5-3-0,0.625,1.0,L2,1236,154.5,1173,146.6,2-1-0,4-1-0
330,2020,8,Pittsburgh Terror Lambert,2-6-0,0.25,4.0,L3,858,107.2,1361,170.1,1-2-0,1-4-0
331,2020,8,Indiana James,1-7-0,0.125,5.0,L4,1156,144.5,1536,192.0,0-3-0,1-4-0
332,2020,8,Vlc Tigers Watt's,6-2-0,0.75,-,L1,1561,195.1,1440,180.0,3-0-0,4-1-0
333,2020,8,Córdoba Gunslingers Favre,3-5-0,0.375,3.0,L1,1392,174.0,1419,177.4,1-2-0,1-4-0
334,2020,8,Smith's Terrible Showdown,3-5-0,0.375,3.0,L2,1339,167.4,1261,157.6,2-1-0,3-2-0
335,2020,8,Malaka Reed Poe,2-6-0,0.25,4.0,W1,1424,178.0,1553,194.1,0-3-0,1-4-0
336,2020,9,Jrz French Faulk's,8-1-0,0.889,-,W8,1725,191.7,1463,162.6,2-1-0,5-1-0
337,2020,9,Isma Ray Ravens,7-2-0,0.778,1.0,W4,1753,194.8,1429,158.8,2-1-0,5-1-0
338,2020,9,Darko LaDainian Texas *,5-4-0,0.556,3.0,W3,1635,181.7,1565,173.9,0-3-0,2-4-0
339,2020,9,Zgz Marino Phins,3-6-0,0.333,5.0,L2,1470,163.3,1653,183.7,2-1-0,2-4-0
340,2020,9,GronkSpike,8-1-0,0.889,-,W5,1739,193.2,1393,154.8,3-0-0,5-1-0
341,2020,9,San Joe Montana 49ers,4-5-0,0.444,4.0,L1,1565,173.9,1640,182.2,2-1-0,3-3-0
342,2020,9,Javier Big Ben Steelers,3-6-0,0.333,5.0,L3,1600,177.8,1644,182.7,1-2-0,2-4-0
343,2020,9,The Adam´s Family,2-7-0,0.222,6.0,L1,1385,153.9,1588,176.4,0-3-0,0-6-0
344,2020,9,Triana Bills Kelly,6-3-0,0.667,-,L1,1693,188.1,1480,164.4,3-0-0,5-1-0
345,2020,9,El Predicador Almogávar,5-4-0,0.556,1.0,L3,1397,155.2,1357,150.8,2-1-0,4-2-0
346,2020,9,Pittsburgh Terror Lambert,2-7-0,0.222,4.0,L4,998,110.9,1540,171.1,1-2-0,1-5-0
347,2020,9,Indiana James,1-8-0,0.111,5.0,L5,1262,140.2,1713,190.3,0-3-0,1-5-0
348,2020,9,Vlc Tigers Watt's,7-2-0,0.778,-,W1,1745,193.9,1601,177.9,3-0-0,5-1-0
349,2020,9,Smith's Terrible Showdown,4-5-0,0.444,3.0,W1,1574,174.9,1429,158.8,2-1-0,4-2-0
350,2020,9,Córdoba Gunslingers Favre,4-5-0,0.444,3.0,W1,1571,174.6,1559,173.2,1-2-0,2-4-0
351,2020,9,Malaka Reed Poe,3-6-0,0.333,4.0,W2,1601,177.9,1659,184.3,0-3-0,2-4-0
352,2020,10,Jrz French Faulk's,8-2-0,0.8,-,L1,1909,190.9,1690,169.0,2-1-0,5-2-0
353,2020,10,Isma Ray Ravens,7-3-0,0.7,1.0,L1,1910,191.0,1593,159.3,2-1-0,5-2-0
354,2020,10,Darko LaDainian Texas *,6-4-0,0.6,2.0,W4,1812,181.2,1671,167.1,0-3-0,3-4-0
355,2020,10,Zgz Marino Phins,3-6-1,0.35,4.5,T1,1571,157.1,1754,175.4,2-1-0,2-4-1
356,2020,10,GronkSpike,9-1-0,0.9,-,W6,1966,196.6,1577,157.7,3-0-0,6-1-0
357,2020,10,Javier Big Ben Steelers,4-6-0,0.4,5.0,W1,1764,176.4,1801,180.1,1-2-0,3-4-0
358,2020,10,San Joe Montana 49ers,4-6-0,0.4,5.0,L2,1671,167.1,1817,181.7,2-1-0,3-4-0
359,2020,10,The Adam´s Family,2-7-1,0.25,6.5,T1,1486,148.6,1689,168.9,0-3-0,0-6-1
360,2020,10,Triana Bills Kelly,7-3-0,0.7,-,W1,1886,188.6,1624,162.4,3-0-0,6-1-0
361,2020,10,El Predicador Almogávar,5-5-0,0.5,2.0,L4,1537,153.7,1506,150.6,2-1-0,4-3-0
362,2020,10,Pittsburgh Terror Lambert,2-8-0,0.2,5.0,L5,1129,112.9,1726,172.6,1-2-0,1-6-0
363,2020,10,Indiana James,1-9-0,0.1,6.0,L6,1358,135.8,1871,187.1,0-3-0,1-6-0
364,2020,10,Vlc Tigers Watt's,8-2-0,0.8,-,W2,1931,193.1,1732,173.2,3-0-0,6-1-0
365,2020,10,Smith's Terrible Showdown,5-5-0,0.5,3.0,W2,1732,173.2,1525,152.5,2-1-0,5-2-0
366,2020,10,Malaka Reed Poe,4-6-0,0.4,4.0,W3,1750,175.0,1799,179.9,0-3-0,3-4-0
367,2020,10,Córdoba Gunslingers Favre,4-6-0,0.4,4.0,L1,1715,171.5,1752,175.2,1-2-0,2-5-0
368,2020,11,Isma Ray Ravens,8-3-0,0.727,-,W1,2146,195.1,1716,156.0,3-1-0,6-2-0
369,2020,11,Jrz French Faulk's,8-3-0,0.727,-,L2,2032,184.7,1926,175.1,2-2-0,5-3-0
370,2020,11,Darko LaDainian Texas *,7-4-0,0.636,1.0,W5,2025,184.1,1835,166.8,1-3-0,4-4-0
371,2020,11,Zgz Marino Phins,3-7-1,0.318,4.5,L1,1735,157.7,1967,178.8,2-2-0,2-5-1
372,2020,11,GronkSpike,10-1-0,0.909,-,W7,2153,195.7,1726,156.9,4-0-0,7-1-0
373,2020,11,Javier Big Ben Steelers,4-7-0,0.364,6.0,L1,1913,173.9,1988,180.7,1-3-0,3-5-0
374,2020,11,San Joe Montana 49ers,4-7-0,0.364,6.0,L3,1801,163.7,1986,180.5,2-2-0,3-5-0
375,2020,11,The Adam´s Family,3-7-1,0.318,6.5,W1,1655,150.5,1819,165.4,1-3-0,1-6-1
376,2020,11,Triana Bills Kelly,7-3-1,0.682,-,T1,2025,184.1,1763,160.3,3-0-1,6-1-1
377,2020,11,El Predicador Almogávar,5-6-0,0.455,2.5,L5,1665,151.4,1659,150.8,2-2-0,4-4-0
378,2020,11,Pittsburgh Terror Lambert,3-8-0,0.273,4.5,W1,1282,116.5,1854,168.5,2-2-0,2-6-0
379,2020,11,Indiana James,1-9-1,0.136,6.0,T1,1497,136.1,2010,182.7,0-3-1,1-6-1
380,2020,11,Vlc Tigers Watt's,9-2-0,0.818,-,W3,2124,193.1,1903,173.0,4-0-0,7-1-0
381,2020,11,Smith's Terrible Showdown,6-5-0,0.545,3.0,W3,1947,177.0,1680,152.7,3-1-0,6-2-0
382,2020,11,Malaka Reed Poe,4-7-0,0.364,5.0,L1,1921,174.6,1992,181.1,0-4-0,3-5-0
383,2020,11,Córdoba Gunslingers Favre,4-7-0,0.364,5.0,L2,1870,170.0,1967,178.8,1-3-0,2-6-0
384,2020,12,Isma Ray Ravens,9-3-0,0.75,-,W2,2331,194.2,1877,156.4,4-1-0,7-2-0
385,2020,12,Darko LaDainian Texas *,8-4-0,0.667,1.0,W6,2206,183.8,2007,167.2,2-3-0,5-4-0
386,2020,12,Jrz French Faulk's,8-4-0,0.667,1.0,L3,2204,183.7,2107,175.6,2-3-0,5-4-0
387,2020,12,Zgz Marino Phins,3-8-1,0.292,5.5,L2,1896,158.0,2152,179.3,2-3-0,2-6-1
388,2020,12,GronkSpike,10-2-0,0.833,-,L1,2275,189.6,1891,157.6,4-1-0,7-2-0
389,2020,12,San Joe Montana 49ers,5-7-0,0.417,5.0,W1,1987,165.6,2153,179.4,3-2-0,4-5-0
390,2020,12,The Adam´s Family,4-7-1,0.375,5.5,W2,1820,151.7,1941,161.8,2-3-0,2-6-1
391,2020,12,Javier Big Ben Steelers,4-8-0,0.333,6.0,L2,2080,173.3,2174,181.2,1-4-0,3-6-0
392,2020,12,Triana Bills Kelly,8-3-1,0.708,-,W1,2292,191.0,1878,156.5,4-0-1,7-1-1
393,2020,12,El Predicador Almogávar,6-6-0,0.5,2.5,W1,1816,151.3,1796,149.7,3-2-0,5-4-0
394,2020,12,Pittsburgh Terror Lambert,3-9-0,0.25,5.5,L1,1397,116.4,2121,176.8,2-3-0,2-7-0
395,2020,12,Indiana James,1-10-1,0.125,7.0,L1,1634,136.2,2161,180.1,0-4-1,1-7-1
396,2020,12,Vlc Tigers Watt's,10-2-0,0.833,-,W4,2350,195.8,2102,175.2,5-0-0,8-1-0
397,2020,12,Smith's Terrible Showdown,7-5-0,0.583,3.0,W4,2182,181.8,1835,152.9,4-1-0,7-2-0
398,2020,12,Malaka Reed Poe,4-8-0,0.333,6.0,L2,2076,173.0,2227,185.6,0-5-0,3-6-0
399,2020,12,Córdoba Gunslingers Favre,4-8-0,0.333,6.0,L3,2069,172.4,2193,182.8,1-4-0,2-7-0
400,2020,13,Isma Ray Ravens,10-3-0,0.769,-,W3,2512,193.2,2025,155.8,5-1-0,8-2-0
401,2020,13,Darko LaDainian Texas *,8-5-0,0.615,2.0,L1,2354,181.1,2188,168.3,2-4-0,5-5-0
402,2020,13,Jrz French Faulk's,8-5-0,0.615,2.0,L4,2336,179.7,2270,174.6,2-4-0,5-5-0
403,2020,13,Zgz Marino Phins,4-8-1,0.346,5.5,W1,2059,158.4,2284,175.7,3-3-0,3-6-1
404,2020,13,GronkSpike,11-2-0,0.846,-,W1,2421,186.2,2027,155.9,5-1-0,8-2-0
405,2020,13,Javier Big Ben Steelers,5-8-0,0.385,6.0,W1,2295,176.5,2329,179.2,2-4-0,4-6-0
406,2020,13,San Joe Montana 49ers,5-8-0,0.385,6.0,L1,2123,163.3,2299,176.8,3-3-0,4-6-0
407,2020,13,The Adam´s Family,4-8-1,0.346,6.5,L1,1975,151.9,2156,165.8,2-4-0,2-7-1
408,2020,13,Triana Bills Kelly,9-3-1,0.731,-,W2,2503,192.5,2057,158.2,5-0-1,8-1-1
409,2020,13,El Predicador Almogávar,6-7-0,0.462,3.5,L1,1995,153.5,2007,154.4,3-3-0,5-5-0
410,2020,13,Pittsburgh Terror Lambert,3-10-0,0.231,6.5,L2,1527,117.5,2282,175.5,2-4-0,2-8-0
411,2020,13,Indiana James,2-10-1,0.192,7.0,W1,1795,138.1,2291,176.2,1-4-1,2-7-1
412,2020,13,Vlc Tigers Watt's,10-3-0,0.769,-,L1,2529,194.5,2287,175.9,5-1-0,8-2-0
413,2020,13,Smith's Terrible Showdown,8-5-0,0.615,2.0,W5,2367,182.1,2014,154.9,5-1-0,8-2-0
414,2020,13,Malaka Reed Poe,5-8-0,0.385,5.0,W1,2300,176.9,2429,186.8,1-5-0,4-6-0
415,2020,13,Córdoba Gunslingers Favre,4-9-0,0.308,6.0,L4,2271,174.7,2417,185.9,1-5-0,2-8-0
416,2021,1,Jrz French Faulk's,1-0-0,1.0,-,W1,189,189.0,169,169.0,1-0-0,1-0-0
417,2021,1,Mile High Champ's,1-0-0,1.0,-,W1,173,173.0,165,165.0,1-0-0,1-0-0
418,2021,1,Isma Ray Ravens,0-1-0,0.0,1.0,L1,169,169.0,189,189.0,0-1-0,0-1-0
419,2021,1,Zgz Marino Phins,0-1-0,0.0,1.0,L1,165,165.0,173,173.0,0-1-0,0-1-0
420,2021,1,San Joe Montana 49ers,1-0-0,1.0,-,W1,193,193.0,152,152.0,1-0-0,1-0-0
421,2021,1,Javier Big Ben Steelers,1-0-0,1.0,-,W1,167,167.0,158,158.0,1-0-0,1-0-0
422,2021,1,GronkSpike,0-1-0,0.0,1.0,L1,158,158.0,167,167.0,0-1-0,0-1-0
423,2021,1,The Adam´s Family,0-1-0,0.0,1.0,L1,152,152.0,193,193.0,0-1-0,0-1-0
424,2021,1,El Predicador Almogávar,1-0-0,1.0,-,W1,188,188.0,156,156.0,1-0-0,1-0-0
425,2021,1,Nafarroa Bills Kelly,1-0-0,1.0,-,W1,167,167.0,115,115.0,1-0-0,1-0-0
426,2021,1,Pittsburgh Terror Lambert,0-1-0,0.0,1.0,L1,156,156.0,188,188.0,0-1-0,0-1-0
427,2021,1,Indiana James,0-1-0,0.0,1.0,L1,115,115.0,167,167.0,0-1-0,0-1-0
428,2021,1,Vlc Tigers Watt's,1-0-0,1.0,-,W1,206,206.0,172,172.0,1-0-0,1-0-0
429,2021,1,Córdoba Gunslingers Favre,1-0-0,1.0,-,W1,170,170.0,167,167.0,1-0-0,1-0-0
430,2021,1,Malaka Reed Poe,0-1-0,0.0,1.0,L1,172,172.0,206,206.0,0-1-0,0-1-0
431,2021,1,Smith's Terrible Showdown,0-1-0,0.0,1.0,L1,167,167.0,170,170.0,0-1-0,0-1-0
432,2021,2,Jrz French Faulk's,2-0-0,1.0,-,W2,388,194.0,305,152.5,2-0-0,2-0-0
433,2021,2,Isma Ray Ravens,1-1-0,0.5,1.0,W1,325,162.5,326,163.0,1-1-0,1-1-0
434,2021,2,Mile High Champ's,1-1-0,0.5,1.0,L1,309,154.5,364,182.0,1-1-0,1-1-0
435,2021,2,Zgz Marino Phins,0-2-0,0.0,2.0,L2,302,151.0,329,164.5,0-2-0,0-2-0
436,2021,2,Javier Big Ben Steelers,2-0-0,1.0,-,W2,323,161.5,299,149.5,2-0-0,2-0-0
437,2021,2,GronkSpike,1-1-0,0.5,1.0,W1,423,211.5,327,163.5,1-1-0,1-1-0
438,2021,2,San Joe Montana 49ers,1-1-0,0.5,1.0,L1,334,167.0,308,154.0,1-1-0,1-1-0
439,2021,2,The Adam´s Family,0-2-0,0.0,2.0,L2,312,156.0,458,229.0,0-2-0,0-2-0
440,2021,2,El Predicador Almogávar,2-0-0,1.0,-,W2,341,170.5,297,148.5,2-0-0,2-0-0
441,2021,2,Pittsburgh Terror Lambert,1-1-0,0.5,1.0,W1,314,157.0,330,165.0,1-1-0,1-1-0
442,2021,2,Nafarroa Bills Kelly,1-1-0,0.5,1.0,L1,309,154.5,273,136.5,1-1-0,1-1-0
443,2021,2,Indiana James,0-2-0,0.0,2.0,L2,256,128.0,320,160.0,0-2-0,0-2-0
444,2021,2,Vlc Tigers Watt's,2-0-0,1.0,-,W2,400,200.0,324,162.0,2-0-0,2-0-0
445,2021,2,Malaka Reed Poe,1-1-0,0.5,1.0,W1,360,180.0,382,191.0,1-1-0,1-1-0
446,2021,2,Córdoba Gunslingers Favre,1-1-0,0.5,1.0,L1,322,161.0,361,180.5,1-1-0,1-1-0
447,2021,2,Smith's Terrible Showdown,0-2-0,0.0,2.0,L2,343,171.5,358,179.0,0-2-0,0-2-0
448,2021,3,Jrz French Faulk's,3-0-0,1.0,-,W3,579,193.0,441,147.0,3-0-0,3-0-0
449,2021,3,Isma Ray Ravens,2-1-0,0.667,1.0,W2,478,159.3,470,156.7,2-1-0,2-1-0
450,2021,3,Mile High Champ's,1-2-0,0.333,2.0,L2,453,151.0,517,172.3,1-2-0,1-2-0
451,2021,3,Zgz Marino Phins,0-3-0,0.0,3.0,L3,438,146.0,520,173.3,0-3-0,0-3-0
452,2021,3,GronkSpike,2-1-0,0.667,-,W2,594,198.0,480,160.0,2-1-0,2-1-0
453,2021,3,Javier Big Ben Steelers,2-1-0,0.667,-,L1,472,157.3,460,153.3,2-1-0,2-1-0
454,2021,3,San Joe Montana 49ers,1-2-0,0.333,1.0,L2,487,162.3,479,159.7,1-2-0,1-2-0
455,2021,3,The Adam´s Family,1-2-0,0.333,1.0,W1,473,157.7,607,202.3,1-2-0,1-2-0
456,2021,3,Nafarroa Bills Kelly,2-1-0,0.667,-,W1,490,163.3,417,139.0,2-1-0,2-1-0
457,2021,3,El Predicador Almogávar,2-1-0,0.667,-,L1,485,161.7,478,159.3,2-1-0,2-1-0
458,2021,3,Pittsburgh Terror Lambert,1-2-0,0.333,1.0,L1,466,155.3,514,171.3,1-2-0,1-2-0
459,2021,3,Indiana James,1-2-0,0.333,1.0,W1,440,146.7,472,157.3,1-2-0,1-2-0
460,2021,3,Vlc Tigers Watt's,3-0-0,1.0,-,W3,559,186.3,467,155.7,3-0-0,3-0-0
461,2021,3,Córdoba Gunslingers Favre,2-1-0,0.667,1.0,W1,542,180.7,477,159.0,2-1-0,2-1-0
462,2021,3,Malaka Reed Poe,1-2-0,0.333,2.0,L1,476,158.7,602,200.7,1-2-0,1-2-0
463,2021,3,Smith's Terrible Showdown,0-3-0,0.0,3.0,L3,486,162.0,517,172.3,0-3-0,0-3-0
464,2021,4,Jrz French Faulk's,3-1-0,0.75,-,L1,716,179.0,639,159.8,3-0-0,3-1-0
465,2021,4,Isma Ray Ravens,3-1-0,0.75,-,W3,677,169.2,599,149.8,2-1-0,3-1-0
466,2021,4,Mile High Champ's,1-3-0,0.25,2.0,L3,613,153.2,700,175.0,1-2-0,1-3-0
467,2021,4,Zgz Marino Phins,0-4-0,0.0,3.0,L4,591,147.8,692,173.0,0-3-0,0-4-0
468,2021,4,GronkSpike,3-1-0,0.75,-,W3,792,198.0,617,154.2,2-1-0,3-1-0
469,2021,4,San Joe Montana 49ers,2-2-0,0.5,1.0,W1,670,167.5,639,159.8,1-2-0,2-2-0
470,2021,4,The Adam´s Family,2-2-0,0.5,1.0,W2,645,161.2,760,190.0,1-2-0,2-2-0
471,2021,4,Javier Big Ben Steelers,2-2-0,0.5,1.0,L2,601,150.2,659,164.8,2-1-0,2-2-0
472,2021,4,Nafarroa Bills Kelly,2-2-0,0.5,-,L1,651,162.8,589,147.2,2-1-0,2-2-0
473,2021,4,El Predicador Almogávar,2-2-0,0.5,-,L2,599,149.8,647,161.8,2-1-0,2-2-0
474,2021,4,Indiana James,2-2-0,0.5,-,W2,560,140.0,577,144.2,1-2-0,2-2-0
475,2021,4,Pittsburgh Terror Lambert,1-3-0,0.25,1.0,L2,595,148.8,653,163.2,1-2-0,1-3-0
476,2021,4,Vlc Tigers Watt's,4-0-0,1.0,-,W4,728,182.0,581,145.2,3-0-0,4-0-0
477,2021,4,Córdoba Gunslingers Favre,3-1-0,0.75,1.0,W2,681,170.2,606,151.5,2-1-0,3-1-0
478,2021,4,Smith's Terrible Showdown,1-3-0,0.25,3.0,W1,658,164.5,678,169.5,0-3-0,1-3-0
479,2021,4,Malaka Reed Poe,1-3-0,0.25,3.0,L2,581,145.2,722,180.5,1-2-0,1-3-0
480,2021,5,Isma Ray Ravens,3-2-0,0.6,-,L1,857,171.4,825,165.0,2-1-0,3-1-0
481,2021,5,Jrz French Faulk's,3-2-0,0.6,-,L2,855,171.0,795,159.0,3-0-0,3-1-0
482,2021,5,Mile High Champ's,2-3-0,0.4,1.0,W1,784,156.8,822,164.4,1-2-0,1-3-0
483,2021,5,Zgz Marino Phins,0-5-0,0.0,3.0,L5,717,143.4,843,168.6,0-3-0,0-4-0
484,2021,5,GronkSpike,3-2-0,0.6,-,L1,985,197.0,844,168.8,2-1-0,3-1-0
485,2021,5,San Joe Montana 49ers,3-2-0,0.6,-,W2,859,171.8,744,148.8,1-2-0,2-2-0
486,2021,5,The Adam´s Family,3-2-0,0.6,-,W3,811,162.2,905,181.0,1-2-0,2-2-0
487,2021,5,Javier Big Ben Steelers,2-3-0,0.4,1.0,L3,796,159.2,867,173.4,2-1-0,2-2-0
488,2021,5,Nafarroa Bills Kelly,3-2-0,0.6,-,W1,877,175.4,769,153.8,2-1-0,2-2-0
489,2021,5,Indiana James,3-2-0,0.6,-,W3,716,143.2,716,143.2,1-2-0,2-2-0
490,2021,5,Pittsburgh Terror Lambert,2-3-0,0.4,1.0,W1,746,149.2,779,155.8,1-2-0,1-3-0
491,2021,5,El Predicador Almogávar,2-3-0,0.4,1.0,L3,721,144.2,818,163.6,2-1-0,2-2-0
492,2021,5,Córdoba Gunslingers Favre,4-1-0,0.8,-,W3,908,181.6,799,159.8,2-1-0,3-1-0
493,2021,5,Vlc Tigers Watt's,4-1-0,0.8,-,L1,873,174.6,747,149.4,3-0-0,4-0-0
494,2021,5,Smith's Terrible Showdown,2-3-0,0.4,2.0,W2,866,173.2,873,174.6,0-3-0,1-3-0
495,2021,5,Malaka Reed Poe,1-4-0,0.2,3.0,L3,686,137.2,911,182.2,1-2-0,1-3-0
496,2021,6,Jrz French Faulk's,4-2-0,0.667,-,W1,1027,171.2,939,156.5,3-0-0,3-1-0
497,2021,6,Isma Ray Ravens,3-3-0,0.5,1.0,L2,1022,170.3,1007,167.8,2-1-0,3-1-0
498,2021,6,Mile High Champ's,3-3-0,0.5,1.0,W2,943,157.2,967,161.2,1-2-0,1-3-0
499,2021,6,Zgz Marino Phins,1-5-0,0.167,3.0,W1,863,143.8,981,163.5,0-3-0,0-4-0
500,2021,6,GronkSpike,4-2-0,0.667,-,W1,1199,199.8,1018,169.7,2-1-0,3-1-0
501,2021,6,San Joe Montana 49ers,4-2-0,0.667,-,W3,1043,173.8,883,147.2,1-2-0,2-2-0
502,2021,6,Javier Big Ben Steelers,3-3-0,0.5,1.0,W1,976,162.7,984,164.0,2-1-0,2-2-0
503,2021,6,The Adam´s Family,3-3-0,0.5,1.0,L1,947,157.8,1044,174.0,1-2-0,2-2-0
504,2021,6,Nafarroa Bills Kelly,3-3-0,0.5,-,L1,1051,175.2,983,163.8,2-1-0,2-2-0
505,2021,6,Pittsburgh Terror Lambert,3-3-0,0.5,-,W2,885,147.5,915,152.5,1-2-0,1-3-0
506,2021,6,Indiana James,3-3-0,0.5,-,L1,833,138.8,896,149.3,1-2-0,2-2-0
507,2021,6,El Predicador Almogávar,2-4-0,0.333,1.0,L4,860,143.3,1002,167.0,2-1-0,2-2-0
508,2021,6,Vlc Tigers Watt's,5-1-0,0.833,-,W1,1055,175.8,912,152.0,3-0-0,4-0-0
509,2021,6,Córdoba Gunslingers Favre,4-2-0,0.667,1.0,L1,1046,174.3,945,157.5,2-1-0,3-1-0
510,2021,6,Smith's Terrible Showdown,2-4-0,0.333,3.0,L1,1010,168.3,1045,174.2,0-3-0,1-3-0
511,2021,6,Malaka Reed Poe,1-5-0,0.167,4.0,L4,831,138.5,1070,178.3,1-2-0,1-3-0
512,2021,7,Jrz French Faulk's,5-2-0,0.714,-,W2,1196,170.9,1063,151.9,3-0-0,4-1-0
513,2021,7,Mile High Champ's,4-3-0,0.571,1.0,W3,1114,159.1,1136,162.3,1-2-0,2-3-0
514,2021,7,Isma Ray Ravens,3-4-0,0.429,2.0,L3,1163,166.1,1152,164.6,2-1-0,3-2-0
515,2021,7,Zgz Marino Phins,2-5-0,0.286,3.0,W2,1032,147.4,1147,163.9,0-3-0,1-4-0
516,2021,7,San Joe Montana 49ers,5-2-0,0.714,-,W4,1188,169.7,1024,146.3,1-2-0,3-2-0
517,2021,7,GronkSpike,4-3-0,0.571,1.0,L1,1368,195.4,1189,169.9,2-1-0,3-2-0
518,2021,7,Javier Big Ben Steelers,3-4-0,0.429,2.0,L1,1142,163.1,1153,164.7,2-1-0,2-3-0
519,2021,7,The Adam´s Family,3-4-0,0.429,2.0,L2,1071,153.0,1213,173.3,1-2-0,2-3-0
520,2021,7,Nafarroa Bills Kelly,4-3-0,0.571,-,W1,1250,178.6,1104,157.7,2-1-0,3-2-0
521,2021,7,Pittsburgh Terror Lambert,3-4-0,0.429,1.0,L1,1027,146.7,1061,151.6,1-2-0,1-4-0
522,2021,7,El Predicador Almogávar,3-4-0,0.429,1.0,W1,985,140.7,1072,153.1,2-1-0,3-2-0
523,2021,7,Indiana James,3-4-0,0.429,1.0,L2,937,133.9,1066,152.3,1-2-0,2-3-0
524,2021,7,Vlc Tigers Watt's,6-1-0,0.857,-,W2,1225,175.0,1016,145.1,3-0-0,5-0-0
525,2021,7,Córdoba Gunslingers Favre,4-3-0,0.571,2.0,L2,1116,159.4,1070,152.9,2-1-0,3-2-0
526,2021,7,Smith's Terrible Showdown,3-4-0,0.429,3.0,W1,1156,165.1,1187,169.6,0-3-0,2-3-0
527,2021,7,Malaka Reed Poe,1-6-0,0.143,5.0,L5,952,136.0,1269,181.3,1-2-0,1-4-0
528,2021,8,Jrz French Faulk's,6-2-0,0.75,-,W3,1398,174.8,1230,153.8,3-0-0,4-1-0
529,2021,8,Isma Ray Ravens,4-4-0,0.5,2.0,W1,1362,170.2,1289,161.1,2-1-0,3-2-0
530,2021,8,Mile High Champ's,4-4-0,0.5,2.0,L1,1248,156.0,1290,161.2,1-2-0,2-3-0
531,2021,8,Zgz Marino Phins,3-5-0,0.375,3.0,W3,1195,149.4,1288,161.0,0-3-0,1-4-0
532,2021,8,San Joe Montana 49ers,6-2-0,0.75,-,W5,1363,170.4,1153,144.1,1-2-0,3-2-0
533,2021,8,GronkSpike,5-3-0,0.625,1.0,W1,1546,193.2,1297,162.1,2-1-0,3-2-0
534,2021,8,Javier Big Ben Steelers,3-5-0,0.375,3.0,L2,1278,159.8,1303,162.9,2-1-0,2-3-0
535,2021,8,The Adam´s Family,3-5-0,0.375,3.0,L3,1233,154.1,1378,172.2,1-2-0,2-3-0
536,2021,8,Nafarroa Bills Kelly,4-4-0,0.5,-,L1,1417,177.1,1306,163.2,2-1-0,3-2-0
537,2021,8,Pittsburgh Terror Lambert,4-4-0,0.5,-,W1,1181,147.6,1195,149.4,1-2-0,1-4-0
538,2021,8,El Predicador Almogávar,3-5-0,0.375,1.0,L1,1126,140.8,1235,154.4,2-1-0,3-2-0
539,2021,8,Indiana James,3-5-0,0.375,1.0,L3,1074,134.2,1265,158.1,1-2-0,2-3-0
540,2021,8,Vlc Tigers Watt's,7-1-0,0.875,-,W3,1375,171.9,1152,144.0,3-0-0,5-0-0
541,2021,8,Smith's Terrible Showdown,4-4-0,0.5,3.0,W2,1321,165.1,1349,168.6,0-3-0,2-3-0
542,2021,8,Córdoba Gunslingers Favre,4-4-0,0.5,3.0,L3,1245,155.6,1245,155.6,2-1-0,3-2-0
543,2021,8,Malaka Reed Poe,1-7-0,0.125,6.0,L6,1060,132.5,1447,180.9,1-2-0,1-4-0
544,2021,9,Jrz French Faulk's,7-2-0,0.778,-,W4,1545,171.7,1352,150.2,3-0-0,4-1-0
545,2021,9,Isma Ray Ravens,5-4-0,0.556,2.0,W2,1513,168.1,1414,157.1,2-1-0,3-2-0
546,2021,9,Mile High Champ's,5-4-0,0.556,2.0,W1,1411,156.8,1443,160.3,1-2-0,2-3-0
547,2021,9,Zgz Marino Phins,3-6-0,0.333,4.0,L1,1325,147.2,1470,163.3,0-3-0,1-4-0
548,2021,9,GronkSpike,6-3-0,0.667,-,W2,1720,191.1,1430,158.9,2-1-0,3-2-0
549,2021,9,San Joe Montana 49ers,6-3-0,0.667,-,L1,1476,164.0,1289,143.2,1-2-0,3-2-0
550,2021,9,Javier Big Ben Steelers,4-5-0,0.444,2.0,W1,1468,163.1,1471,163.4,2-1-0,2-3-0
551,2021,9,The Adam´s Family,4-5-0,0.444,2.0,W1,1361,151.2,1487,165.2,1-2-0,2-3-0
552,2021,9,Pittsburgh Terror Lambert,5-4-0,0.556,-,W2,1317,146.3,1308,145.3,1-2-0,1-4-0
553,2021,9,Nafarroa Bills Kelly,4-5-0,0.444,1.0,L2,1585,176.1,1496,166.2,2-1-0,3-2-0
554,2021,9,El Predicador Almogávar,3-6-0,0.333,2.0,L2,1235,137.2,1363,151.4,2-1-0,3-2-0
555,2021,9,Indiana James,3-6-0,0.333,2.0,L4,1207,134.1,1439,159.9,1-2-0,2-3-0
556,2021,9,Vlc Tigers Watt's,8-1-0,0.889,-,W4,1557,173.0,1282,142.4,3-0-0,5-0-0
557,2021,9,Smith's Terrible Showdown,4-5-0,0.444,4.0,L1,1446,160.7,1500,166.7,0-3-0,2-3-0
558,2021,9,Córdoba Gunslingers Favre,4-5-0,0.444,4.0,L4,1398,155.3,1408,156.4,2-1-0,3-2-0
559,2021,9,Malaka Reed Poe,1-8-0,0.111,7.0,L7,1182,131.3,1594,177.1,1-2-0,1-4-0
560,2021,10,Jrz French Faulk's,8-2-0,0.8,-,W5,1676,167.6,1478,147.8,3-0-0,5-1-0
561,2021,10,Isma Ray Ravens,6-4-0,0.6,2.0,W3,1727,172.7,1549,154.9,2-1-0,4-2-0
562,2021,10,Mile High Champ's,5-5-0,0.5,3.0,L1,1538,153.8,1588,158.8,1-2-0,2-4-0
563,2021,10,Zgz Marino Phins,4-6-0,0.4,4.0,W1,1511,151.1,1598,159.8,0-3-0,2-4-0
564,2021,10,GronkSpike,6-4-0,0.6,-,L1,1848,184.8,1616,161.6,2-1-0,3-3-0
565,2021,10,San Joe Montana 49ers,6-4-0,0.6,-,L2,1602,160.2,1420,142.0,1-2-0,3-3-0
566,2021,10,Javier Big Ben Steelers,5-5-0,0.5,1.0,W2,1613,161.3,1598,159.8,2-1-0,3-3-0
567,2021,10,The Adam´s Family,4-6-0,0.4,2.0,L1,1496,149.6,1701,170.1,1-2-0,2-4-0
568,2021,10,Pittsburgh Terror Lambert,5-5-0,0.5,-,L1,1419,141.9,1452,145.2,1-2-0,1-5-0
569,2021,10,Nafarroa Bills Kelly,4-6-0,0.4,1.0,L3,1734,173.4,1647,164.7,2-1-0,3-3-0
570,2021,10,El Predicador Almogávar,3-7-0,0.3,2.0,L3,1348,134.8,1544,154.4,2-1-0,3-3-0
571,2021,10,Indiana James,3-7-0,0.3,2.0,L5,1321,132.1,1583,158.3,1-2-0,2-4-0
572,2021,10,Vlc Tigers Watt's,9-1-0,0.9,-,W5,1708,170.8,1431,143.1,3-0-0,6-0-0
573,2021,10,Smith's Terrible Showdown,5-5-0,0.5,4.0,W1,1627,162.7,1613,161.3,0-3-0,3-3-0
574,2021,10,Córdoba Gunslingers Favre,5-5-0,0.5,4.0,W1,1542,154.2,1522,152.2,2-1-0,4-2-0
575,2021,10,Malaka Reed Poe,2-8-0,0.2,7.0,W1,1326,132.6,1696,169.6,1-2-0,2-4-0
576,2021,11,Jrz French Faulk's,8-3-0,0.727,-,L1,1767,160.6,1599,145.4,3-0-0,5-2-0
577,2021,11,Isma Ray Ravens,6-5-0,0.545,2.0,L1,1890,171.8,1727,157.0,2-1-0,4-3-0
578,2021,11,Zgz Marino Phins,5-6-0,0.455,3.0,W2,1687,153.4,1680,152.7,0-3-0,3-4-0
579,2021,11,Mile High Champ's,5-6-0,0.455,3.0,L2,1640,149.1,1725,156.8,1-2-0,2-5-0
580,2021,11,GronkSpike,7-4-0,0.636,-,W1,2026,184.2,1779,161.7,2-1-0,4-3-0
581,2021,11,Javier Big Ben Steelers,6-5-0,0.545,1.0,W3,1734,157.6,1689,153.5,2-1-0,4-3-0
582,2021,11,San Joe Montana 49ers,6-5-0,0.545,1.0,L3,1684,153.1,1596,145.1,1-2-0,3-4-0
583,2021,11,The Adam´s Family,5-6-0,0.455,2.0,W1,1633,148.5,1803,163.9,1-2-0,3-4-0
584,2021,11,Nafarroa Bills Kelly,5-6-0,0.455,-,W1,1928,175.3,1770,160.9,2-1-0,4-3-0
585,2021,11,Pittsburgh Terror Lambert,5-6-0,0.455,-,L2,1586,144.2,1632,148.4,1-2-0,1-6-0
586,2021,11,Indiana James,4-7-0,0.364,1.0,W1,1472,133.8,1720,156.4,1-2-0,3-4-0
587,2021,11,El Predicador Almogávar,3-8-0,0.273,2.0,L4,1450,131.8,1686,153.3,2-1-0,3-4-0
588,2021,11,Vlc Tigers Watt's,10-1-0,0.909,-,W6,1888,171.6,1598,145.3,3-0-0,7-0-0
589,2021,11,Smith's Terrible Showdown,5-6-0,0.455,5.0,L1,1764,160.4,1764,160.4,0-3-0,3-4-0
590,2021,11,Córdoba Gunslingers Favre,5-6-0,0.455,5.0,L1,1665,151.4,1716,156.0,2-1-0,4-3-0
591,2021,11,Malaka Reed Poe,3-8-0,0.273,7.0,W2,1468,133.5,1798,163.5,1-2-0,3-4-0
592,2021,12,Jrz French Faulk's,8-4-0,0.667,-,L2,1900,158.3,1790,149.2,3-1-0,5-3-0
593,2021,12,Isma Ray Ravens,7-5-0,0.583,1.0,W1,2081,173.4,1860,155.0,3-1-0,5-3-0
594,2021,12,Zgz Marino Phins,6-6-0,0.5,2.0,W3,1874,156.2,1824,152.0,1-3-0,4-4-0
595,2021,12,Mile High Champ's,5-7-0,0.417,3.0,L3,1784,148.7,1912,159.3,1-3-0,2-6-0
596,2021,12,GronkSpike,7-5-0,0.583,-,L1,2178,181.5,1946,162.2,2-2-0,4-4-0
597,2021,12,Javier Big Ben Steelers,7-5-0,0.583,-,W4,1901,158.4,1841,153.4,3-1-0,5-3-0
598,2021,12,San Joe Montana 49ers,6-5-1,0.542,.5,T1,1831,152.6,1743,145.2,1-2-1,3-4-1
599,2021,12,The Adam´s Family,5-6-1,0.458,1.5,T1,1780,148.3,1950,162.5,1-2-1,3-4-1
600,2021,12,Nafarroa Bills Kelly,6-6-0,0.5,-,W2,2084,173.7,1894,157.8,3-1-0,5-3-0
601,2021,12,Pittsburgh Terror Lambert,6-6-0,0.5,-,W1,1745,145.4,1781,148.4,2-2-0,2-6-0
602,2021,12,Indiana James,4-8-0,0.333,2.0,L1,1596,133.0,1876,156.3,1-3-0,3-5-0
603,2021,12,El Predicador Almogávar,3-9-0,0.25,3.0,L5,1599,133.2,1845,153.8,2-2-0,3-5-0
604,2021,12,Vlc Tigers Watt's,10-2-0,0.833,-,L1,2020,168.3,1741,145.1,3-1-0,7-1-0
605,2021,12,Smith's Terrible Showdown,6-6-0,0.5,4.0,W1,1927,160.6,1863,155.2,1-3-0,4-4-0
606,2021,12,Córdoba Gunslingers Favre,5-7-0,0.417,5.0,L2,1764,147.0,1879,156.6,2-2-0,4-4-0
607,2021,12,Malaka Reed Poe,4-8-0,0.333,6.0,W3,1611,134.2,1930,160.8,2-2-0,4-4-0
608,2021,13,Jrz French Faulk's,9-4-0,0.692,-,W1,2079,159.9,1938,149.1,4-1-0,6-3-0
609,2021,13,Isma Ray Ravens,7-6-0,0.538,2.0,L1,2228,171.4,2018,155.2,3-2-0,5-4-0
610,2021,13,Zgz Marino Phins,7-6-0,0.538,2.0,W4,2032,156.3,1971,151.6,2-3-0,5-4-0
611,2021,13,Mile High Champ's,5-8-0,0.385,4.0,L4,1932,148.6,2091,160.8,1-4-0,2-7-0
612,2021,13,GronkSpike,8-5-0,0.615,-,W1,2369,182.2,2100,161.5,3-2-0,5-4-0
613,2021,13,San Joe Montana 49ers,7-5-1,0.577,.5,W1,1999,153.8,1892,145.5,2-2-1,4-4-1
614,2021,13,Javier Big Ben Steelers,7-6-0,0.538,1.0,L1,2050,157.7,2009,154.5,3-2-0,5-4-0
615,2021,13,The Adam´s Family,5-7-1,0.423,2.5,L1,1934,148.8,2141,164.7,1-3-1,3-5-1
616,2021,13,Pittsburgh Terror Lambert,7-6-0,0.538,-,W2,1891,145.5,1920,147.7,3-2-0,3-6-0
617,2021,13,Nafarroa Bills Kelly,6-7-0,0.462,1.0,L1,2223,171.0,2040,156.9,3-2-0,5-4-0
618,2021,13,Indiana James,5-8-0,0.385,2.0,W1,1770,136.2,2036,156.6,2-3-0,4-5-0
619,2021,13,El Predicador Almogávar,3-10-0,0.231,4.0,L6,1759,135.3,2019,155.3,2-3-0,3-6-0
620,2021,13,Vlc Tigers Watt's,11-2-0,0.846,-,W1,2167,166.7,1854,142.6,4-1-0,8-1-0
621,2021,13,Smith's Terrible Showdown,7-6-0,0.538,4.0,W2,2090,160.8,1966,151.2,2-3-0,5-4-0
622,2021,13,Córdoba Gunslingers Favre,5-8-0,0.385,6.0,L3,1877,144.4,2026,155.8,2-3-0,4-5-0
623,2021,13,Malaka Reed Poe,4-9-0,0.308,7.0,L1,1714,131.8,2093,161.0,2-3-0,4-5-0
2,2022,1,Snake Stabler Raiders,1-0-0,1.000,-,W1,226,226.0,225,225.0,1-0-0,1-0-0
3,2022,1,Medina Allen Bills,1-0-0,1.000,-,W1,211,211.0,201,201.0,1-0-0,1-0-0
4,2022,1,Mile High Champ's,0-1-0,.000,1.0,L1,225,225.0,226,226.0,0-1-0,0-1-0
5,2022,1,Isma Ray Ravens,0-1-0,.000,1.0,L1,201,201.0,211,211.0,0-1-0,0-1-0
8,2022,1,GronkSpike,1-0-0,1.000,-,W1,226,226.0,190,190.0,1-0-0,1-0-0
9,2022,1,The Adam´s Family,1-0-0,1.000,-,W1,219,219.0,189,189.0,1-0-0,1-0-0
10,2022,1,Javier Big Ben Steelers,0-1-0,.000,1.0,L1,190,190.0,226,226.0,0-1-0,0-1-0
11,2022,1,Cowher Straight Outta Albacete,0-1-0,.000,1.0,L1,189,189.0,219,219.0,0-1-0,0-1-0
14,2022,1,Nafarroa Bills Kelly,1-0-0,1.000,-,W1,208,208.0,171,171.0,1-0-0,1-0-0
15,2022,1,Pittsburgh Terror Lambert,1-0-0,1.000,-,W1,198,198.0,191,191.0,1-0-0,1-0-0
16,2022,1,El Predicador Almogávar,0-1-0,.000,1.0,L1,191,191.0,198,198.0,0-1-0,0-1-0
17,2022,1,Indiana James,0-1-0,.000,1.0,L1,171,171.0,208,208.0,0-1-0,0-1-0
20,2022,1,Vlc Tigers Watt's,1-0-0,1.000,-,W1,285,285.0,160,160.0,1-0-0,1-0-0
21,2022,1,Smith's Terrible Showdown,1-0-0,1.000,-,W1,237,237.0,203,203.0,1-0-0,1-0-0
22,2022,1,Córdoba Gunslingers Favre,0-1-0,.000,1.0,L1,203,203.0,237,237.0,0-1-0,0-1-0
23,2022,1,Malaka Reed Poe,0-1-0,.000,1.0,L1,160,160.0,285,285.0,0-1-0,0-1-0
2,2022,2,Medina Allen Bills,2-0-0,1.000,-,W2,431,215.5,397,198.5,2-0-0,2-0-0
3,2022,2,Snake Stabler Raiders,1-1-0,.500,1.0,L1,411,205.5,414,207.0,1-1-0,1-1-0
4,2022,2,Isma Ray Ravens,1-1-0,.500,1.0,W1,390,195.0,396,198.0,1-1-0,1-1-0
5,2022,2,Mile High Champ's,0-2-0,.000,2.0,L2,421,210.5,446,223.0,0-2-0,0-2-0
8,2022,2,GronkSpike,2-0-0,1.000,-,W2,437,218.5,393,196.5,2-0-0,2-0-0
9,2022,2,The Adam´s Family,1-1-0,.500,1.0,L1,422,211.0,400,200.0,1-1-0,1-1-0
10,2022,2,Javier Big Ben Steelers,1-1-0,.500,1.0,W1,389,194.5,385,192.5,1-1-0,1-1-0
11,2022,2,Cowher Straight Outta Albacete,0-2-0,.000,2.0,L2,348,174.0,418,209.0,0-2-0,0-2-0
14,2022,2,Nafarroa Bills Kelly,2-0-0,1.000,-,W2,412,206.0,316,158.0,2-0-0,2-0-0
15,2022,2,El Predicador Almogávar,1-1-0,.500,1.0,W1,398,199.0,337,168.5,1-1-0,1-1-0
16,2022,2,Pittsburgh Terror Lambert,1-1-0,.500,1.0,L1,343,171.5,395,197.5,1-1-0,1-1-0
17,2022,2,Indiana James,0-2-0,.000,2.0,L2,310,155.0,415,207.5,0-2-0,0-2-0
20,2022,2,Vlc Tigers Watt's,2-0-0,1.000,-,W2,496,248.0,343,171.5,2-0-0,2-0-0
21,2022,2,Smith's Terrible Showdown,2-0-0,1.000,-,W2,480,240.0,348,174.0,2-0-0,2-0-0
22,2022,2,Córdoba Gunslingers Favre,0-2-0,.000,2.0,L2,386,193.0,448,224.0,0-2-0,0-2-0
23,2022,2,Malaka Reed Poe,0-2-0,.000,2.0,L2,305,152.5,528,264.0,0-2-0,0-2-0
2,2022,3,Snake Stabler Raiders,2-1-0,.667,-,W1,632,210.7,604,201.3,2-1-0,2-1-0
3,2022,3,Medina Allen Bills,2-1-0,.667,-,L1,621,207.0,618,206.0,2-1-0,2-1-0
4,2022,3,Isma Ray Ravens,2-1-0,.667,-,W2,615,205.0,619,206.3,2-1-0,2-1-0
5,2022,3,Mile High Champ's,0-3-0,.000,2.0,L3,644,214.7,671,223.7,0-3-0,0-3-0
8,2022,3,Javier Big Ben Steelers,2-1-0,.667,-,W2,617,205.7,528,176.0,2-1-0,2-1-0
9,2022,3,GronkSpike,2-1-0,.667,-,L1,602,200.7,563,187.7,2-1-0,2-1-0
10,2022,3,The Adam´s Family,1-2-0,.333,1.0,L2,565,188.3,628,209.3,1-2-0,1-2-0
11,2022,3,Cowher Straight Outta Albacete,1-2-0,.333,1.0,W1,518,172.7,583,194.3,1-2-0,1-2-0
14,2022,3,Nafarroa Bills Kelly,3-0-0,1.000,-,W3,678,226.0,516,172.0,3-0-0,3-0-0
15,2022,3,Pittsburgh Terror Lambert,2-1-0,.667,1.0,W1,495,165.0,532,177.3,2-1-0,2-1-0
16,2022,3,El Predicador Almogávar,1-2-0,.333,2.0,L1,598,199.3,603,201.0,1-2-0,1-2-0
17,2022,3,Indiana James,0-3-0,.000,3.0,L3,447,149.0,567,189.0,0-3-0,0-3-0
20,2022,3,Smith's Terrible Showdown,3-0-0,1.000,-,W3,676,225.3,538,179.3,3-0-0,3-0-0
21,2022,3,Vlc Tigers Watt's,2-1-0,.667,1.0,L1,686,228.7,539,179.7,2-1-0,2-1-0
22,2022,3,Malaka Reed Poe,1-2-0,.333,2.0,W1,503,167.7,688,229.3,1-2-0,1-2-0
23,2022,3,Córdoba Gunslingers Favre,0-3-0,.000,3.0,L3,546,182.0,646,215.3,0-3-0,0-3-0
2,2022,4,Isma Ray Ravens,3-1-0,.750,-,W3,872,218.0,800,200.0,2-1-0,3-1-0
3,2022,4,Snake Stabler Raiders,3-1-0,.750,-,W2,855,213.8,758,189.5,2-1-0,3-1-0
4,2022,4,Medina Allen Bills,2-2-0,.500,1.0,L2,771,192.8,877,219.2,2-1-0,2-2-0
5,2022,4,Mile High Champ's,1-3-0,.250,2.0,W1,863,215.8,837,209.2,0-3-0,1-3-0
8,2022,4,GronkSpike,3-1-0,.750,-,W1,861,215.2,713,178.2,2-1-0,3-1-0
9,2022,4,Javier Big Ben Steelers,2-2-0,.500,1.0,L1,798,199.5,785,196.2,2-1-0,2-2-0
10,2022,4,The Adam´s Family,1-3-0,.250,2.0,L3,719,179.8,851,212.8,1-2-0,1-3-0
11,2022,4,Cowher Straight Outta Albacete,1-3-0,.250,2.0,L1,684,171.0,802,200.5,1-2-0,1-3-0
14,2022,4,Nafarroa Bills Kelly,4-0-0,1.000,-,W4,867,216.8,698,174.5,3-0-0,4-0-0
15,2022,4,Pittsburgh Terror Lambert,3-1-0,.750,1.0,W2,709,177.2,692,173.0,2-1-0,3-1-0
16,2022,4,El Predicador Almogávar,1-3-0,.250,3.0,L2,814,203.5,841,210.2,1-2-0,1-3-0
17,2022,4,Indiana James,1-3-0,.250,3.0,W1,654,163.5,753,188.2,0-3-0,1-3-0
20,2022,4,Vlc Tigers Watt's,3-1-0,.750,-,W1,924,231.0,755,188.8,2-1-0,3-1-0
21,2022,4,Smith's Terrible Showdown,3-1-0,.750,-,L1,858,214.5,727,181.8,3-0-0,3-1-0
22,2022,4,Malaka Reed Poe,1-3-0,.250,2.0,L1,689,172.2,895,223.8,1-2-0,1-3-0
23,2022,4,Córdoba Gunslingers Favre,0-4-0,.000,3.0,L4,706,176.5,860,215.0,0-3-0,0-4-0
2,2022,5,Snake Stabler Raiders,4-1-0,.800,-,W3,1108,221.6,945,189.0,2-1-0,3-1-0
3,2022,5,Isma Ray Ravens,4-1-0,.800,-,W4,1098,219.6,1004,200.8,2-1-0,3-1-0
4,2022,5,Medina Allen Bills,3-2-0,.600,1.0,W1,948,189.6,1014,202.8,2-1-0,2-2-0
5,2022,5,Mile High Champ's,2-3-0,.400,2.0,W2,1075,215.0,928,185.6,0-3-0,1-3-0
8,2022,5,GronkSpike,3-2-0,.600,-,L1,1015,203.0,919,183.8,2-1-0,3-1-0
9,2022,5,Javier Big Ben Steelers,2-3-0,.400,1.0,L2,977,195.4,985,197.0,2-1-0,2-2-0
10,2022,5,Cowher Straight Outta Albacete,2-3-0,.400,1.0,W1,889,177.8,989,197.8,1-2-0,1-3-0
11,2022,5,The Adam´s Family,1-4-0,.200,2.0,L4,892,178.4,1030,206.0,1-2-0,1-3-0
14,2022,5,Nafarroa Bills Kelly,4-1-0,.800,-,L1,1071,214.2,924,184.8,3-0-0,4-0-0
15,2022,5,Pittsburgh Terror Lambert,3-2-0,.600,1.0,L1,896,179.2,945,189.0,2-1-0,3-1-0
16,2022,5,El Predicador Almogávar,1-4-0,.200,3.0,L3,905,181.0,1053,210.6,1-2-0,1-3-0
17,2022,5,Indiana James,1-4-0,.200,3.0,L1,791,158.2,930,186.0,0-3-0,1-3-0
20,2022,5,Vlc Tigers Watt's,4-1-0,.800,-,W2,1103,220.6,928,185.6,2-1-0,3-1-0
21,2022,5,Smith's Terrible Showdown,4-1-0,.800,-,W1,1058,211.6,906,181.2,3-0-0,3-1-0
22,2022,5,Córdoba Gunslingers Favre,1-4-0,.200,3.0,W1,912,182.4,1014,202.8,0-3-0,0-4-0
23,2022,5,Malaka Reed Poe,1-4-0,.200,3.0,L2,876,175.2,1100,220.0,1-2-0,1-3-0
2,2022,6,Snake Stabler Raiders,5-1-0,.833,-,W4,1320,220.0,1127,187.8,2-1-0,3-1-0
3,2022,6,Isma Ray Ravens,4-2-0,.667,1.0,L1,1283,213.8,1198,199.7,2-1-0,3-1-0
4,2022,6,Mile High Champ's,3-3-0,.500,2.0,W3,1287,214.5,1129,188.2,0-3-0,1-3-0
5,2022,6,Medina Allen Bills,3-3-0,.500,2.0,L1,1106,184.3,1207,201.2,2-1-0,2-2-0
8,2022,6,GronkSpike,3-3-0,.500,-,L2,1153,192.2,1137,189.5,2-1-0,3-1-0
9,2022,6,Cowher Straight Outta Albacete,3-3-0,.500,-,W2,1060,176.7,1142,190.3,1-2-0,1-3-0
10,2022,6,Javier Big Ben Steelers,2-4-0,.333,1.0,L3,1173,195.5,1198,199.7,2-1-0,2-2-0
11,2022,6,The Adam´s Family,1-5-0,.167,2.0,L5,1061,176.8,1245,207.5,1-2-0,1-3-0
14,2022,6,Nafarroa Bills Kelly,5-1-0,.833,-,W1,1289,214.8,1062,177.0,3-0-0,4-0-0
15,2022,6,Pittsburgh Terror Lambert,4-2-0,.667,1.0,W1,1111,185.2,1114,185.7,2-1-0,3-1-0
16,2022,6,Indiana James,2-4-0,.333,3.0,W1,1004,167.3,1126,187.7,0-3-0,1-3-0
17,2022,6,El Predicador Almogávar,1-5-0,.167,4.0,L4,1058,176.3,1224,204.0,1-2-0,1-3-0
20,2022,6,Vlc Tigers Watt's,5-1-0,.833,-,W3,1297,216.2,1113,185.5,2-1-0,3-1-0
21,2022,6,Smith's Terrible Showdown,5-1-0,.833,-,W2,1251,208.5,1064,177.3,3-0-0,3-1-0
22,2022,6,Córdoba Gunslingers Favre,1-5-0,.167,4.0,L1,1094,182.3,1226,204.3,0-3-0,0-4-0
23,2022,6,Malaka Reed Poe,1-5-0,.167,4.0,L3,1077,179.5,1312,218.7,1-2-0,1-3-0
2,2022,7,Isma Ray Ravens,5-2-0,.714,-,W1,1517,216.7,1339,191.3,2-1-0,4-1-0
3,2022,7,Snake Stabler Raiders,5-2-0,.714,-,L1,1452,207.4,1320,188.6,2-1-0,3-2-0
4,2022,7,Mile High Champ's,4-3-0,.571,1.0,W4,1524,217.7,1266,180.9,0-3-0,2-3-0
5,2022,7,Medina Allen Bills,3-4-0,.429,2.0,L2,1292,184.6,1427,203.9,2-1-0,2-3-0
8,2022,7,Javier Big Ben Steelers,3-4-0,.429,-,W1,1366,195.1,1330,190.0,2-1-0,3-2-0
9,2022,7,GronkSpike,3-4-0,.429,-,L3,1290,184.3,1374,196.3,2-1-0,3-2-0
10,2022,7,Cowher Straight Outta Albacete,3-4-0,.429,-,L1,1201,171.6,1376,196.6,1-2-0,1-4-0
11,2022,7,The Adam´s Family,2-5-0,.286,1.0,W1,1281,183.0,1431,204.4,1-2-0,2-3-0
14,2022,7,Nafarroa Bills Kelly,6-1-0,.857,-,W2,1524,217.7,1245,177.9,3-0-0,5-0-0
15,2022,7,Pittsburgh Terror Lambert,5-2-0,.714,1.0,W2,1321,188.7,1298,185.4,2-1-0,4-1-0
16,2022,7,Indiana James,3-4-0,.429,3.0,W2,1206,172.3,1318,188.3,0-3-0,2-3-0
17,2022,7,El Predicador Almogávar,1-6-0,.143,5.0,L5,1196,170.9,1390,198.6,1-2-0,1-4-0
20,2022,7,Vlc Tigers Watt's,5-2-0,.714,-,L1,1489,212.7,1315,187.9,2-1-0,3-2-0
21,2022,7,Smith's Terrible Showdown,5-2-0,.714,-,L1,1435,205.0,1274,182.0,3-0-0,3-2-0
22,2022,7,Córdoba Gunslingers Favre,2-5-0,.286,3.0,W1,1260,180.0,1364,194.9,0-3-0,1-4-0
23,2022,7,Malaka Reed Poe,1-6-0,.143,4.0,L4,1260,180.0,1547,221.0,1-2-0,1-4-0
2,2022,8,Snake Stabler Raiders,6-2-0,.750,-,W1,1633,204.1,1489,186.1,2-1-0,3-2-0
3,2022,8,Mile High Champ's,5-3-0,.625,1.0,W5,1762,220.2,1378,172.2,0-3-0,2-3-0
4,2022,8,Isma Ray Ravens,5-3-0,.625,1.0,L1,1725,215.6,1559,194.9,2-1-0,4-1-0
5,2022,8,Medina Allen Bills,3-5-0,.375,3.0,L3,1503,187.9,1727,215.9,2-1-0,2-3-0
8,2022,8,Javier Big Ben Steelers,4-4-0,.500,-,W2,1633,204.1,1548,193.5,2-1-0,3-2-0
9,2022,8,GronkSpike,4-4-0,.500,-,W1,1532,191.5,1525,190.6,2-1-0,3-2-0
10,2022,8,The Adam´s Family,3-5-0,.375,1.0,W2,1519,189.9,1641,205.1,1-2-0,2-3-0
11,2022,8,Cowher Straight Outta Albacete,3-5-0,.375,1.0,L2,1407,175.9,1584,198.0,1-2-0,1-4-0
14,2022,8,Nafarroa Bills Kelly,7-1-0,.875,-,W3,1824,228.0,1456,182.0,3-0-0,5-0-0
15,2022,8,Pittsburgh Terror Lambert,5-3-0,.625,2.0,L1,1433,179.1,1536,192.0,2-1-0,4-1-0
16,2022,8,Indiana James,4-4-0,.500,3.0,W3,1426,178.2,1526,190.8,0-3-0,2-3-0
17,2022,8,El Predicador Almogávar,1-7-0,.125,6.0,L6,1365,170.6,1571,196.4,1-2-0,1-4-0
20,2022,8,Vlc Tigers Watt's,5-3-0,.625,-,L2,1707,213.4,1582,197.8,2-1-0,3-2-0
21,2022,8,Smith's Terrible Showdown,5-3-0,.625,-,L2,1645,205.6,1512,189.0,3-0-0,3-2-0
22,2022,8,Córdoba Gunslingers Favre,3-5-0,.375,2.0,W2,1468,183.5,1570,196.2,0-3-0,1-4-0
23,2022,8,Malaka Reed Poe,1-7-0,.125,4.0,L5,1411,176.4,1789,223.6,1-2-0,1-4-0
2,2022,9,Snake Stabler Raiders,7-2-0,.778,-,W2,1867,207.4,1665,185.0,2-1-0,3-2-0
3,2022,9,Mile High Champ's,6-3-0,.667,1.0,W6,1991,221.2,1511,167.9,0-3-0,2-3-0
4,2022,9,Isma Ray Ravens,5-4-0,.556,2.0,L2,1902,211.3,1745,193.9,2-1-0,4-1-0
5,2022,9,Medina Allen Bills,4-5-0,.444,3.0,W1,1661,184.6,1872,208.0,2-1-0,2-3-0
8,2022,9,Javier Big Ben Steelers,5-4-0,.556,-,W3,1821,202.3,1718,190.9,2-1-0,3-2-0
9,2022,9,GronkSpike,5-4-0,.556,-,W2,1672,185.8,1640,182.2,2-1-0,3-2-0
10,2022,9,The Adam´s Family,4-5-0,.444,1.0,W3,1749,194.3,1821,202.3,1-2-0,2-3-0
11,2022,9,Cowher Straight Outta Albacete,3-6-0,.333,2.0,L3,1534,170.4,1806,200.7,1-2-0,1-4-0
14,2022,9,Nafarroa Bills Kelly,7-2-0,.778,-,L1,1994,221.6,1644,182.7,3-0-0,5-0-0
15,2022,9,Pittsburgh Terror Lambert,6-3-0,.667,1.0,W1,1655,183.9,1663,184.8,2-1-0,4-1-0
16,2022,9,Indiana James,4-5-0,.444,3.0,L1,1541,171.2,1666,185.1,0-3-0,2-3-0
17,2022,9,El Predicador Almogávar,1-8-0,.111,6.0,L7,1545,171.7,1801,200.1,1-2-0,1-4-0
20,2022,9,Smith's Terrible Showdown,6-3-0,.667,-,W1,1831,203.4,1689,187.7,3-0-0,3-2-0
21,2022,9,Vlc Tigers Watt's,5-4-0,.556,1.0,L3,1883,209.2,1816,201.8,2-1-0,3-2-0
22,2022,9,Córdoba Gunslingers Favre,3-6-0,.333,3.0,L1,1601,177.9,1799,199.9,0-3-0,1-4-0
23,2022,9,Malaka Reed Poe,1-8-0,.111,5.0,L6,1556,172.9,1947,216.3,1-2-0,1-4-0
2,2022,10,Snake Stabler Raiders,8-2-0,.800,-,W3,2079,207.9,1855,185.5,2-1-0,4-2-0
3,2022,10,Mile High Champ's,7-3-0,.700,1.0,W7,2220,222.0,1720,172.0,0-3-0,3-3-0
4,2022,10,Isma Ray Ravens,5-5-0,.500,3.0,L3,2080,208.0,1927,192.7,2-1-0,4-2-0
5,2022,10,Medina Allen Bills,4-6-0,.400,4.0,L1,1804,180.4,2027,202.7,2-1-0,2-4-0
8,2022,10,Javier Big Ben Steelers,5-5-0,.500,-,L1,2030,203.0,1947,194.7,2-1-0,3-3-0
9,2022,10,The Adam´s Family,5-5-0,.500,-,W4,1931,193.1,1999,199.9,1-2-0,3-3-0
10,2022,10,GronkSpike,5-5-0,.500,-,L1,1862,186.2,1852,185.2,2-1-0,3-3-0
11,2022,10,Cowher Straight Outta Albacete,4-6-0,.400,1.0,W1,1689,168.9,1949,194.9,1-2-0,2-4-0
14,2022,10,Nafarroa Bills Kelly,7-3-0,.700,-,L2,2158,215.8,1819,181.9,3-0-0,5-1-0
15,2022,10,Pittsburgh Terror Lambert,7-3-0,.700,-,W2,1868,186.8,1799,179.9,2-1-0,5-1-0
16,2022,10,Indiana James,4-6-0,.400,3.0,L2,1634,163.4,1808,180.8,0-3-0,2-4-0
17,2022,10,El Predicador Almogávar,2-8-0,.200,5.0,W1,1758,175.8,1988,198.8,1-2-0,2-4-0
20,2022,10,Vlc Tigers Watt's,6-4-0,.600,-,W1,2058,205.8,1980,198.0,2-1-0,4-2-0
21,2022,10,Smith's Terrible Showdown,6-4-0,.600,-,L1,2018,201.8,1902,190.2,3-0-0,3-3-0
22,2022,10,Córdoba Gunslingers Favre,4-6-0,.400,2.0,W1,1743,174.3,1892,189.2,0-3-0,2-4-0
23,2022,10,Malaka Reed Poe,1-9-0,.100,5.0,L7,1692,169.2,2160,216.0,1-2-0,1-5-0
2,2022,11,Mile High Champ's,8-3-0,.727,-,W8,2439,221.7,1870,170.0,0-3-0,4-3-0
3,2022,11,Snake Stabler Raiders,8-3-0,.727,-,L1,2208,200.7,2023,183.9,2-1-0,4-3-0
4,2022,11,Isma Ray Ravens,6-5-0,.545,2.0,W1,2358,214.4,2082,189.3,2-1-0,5-2-0
5,2022,11,Medina Allen Bills,4-7-0,.364,4.0,L2,1946,176.9,2225,202.3,2-1-0,2-5-0
8,2022,11,Javier Big Ben Steelers,6-5-0,.545,-,W1,2228,202.5,2089,189.9,2-1-0,4-3-0
9,2022,11,The Adam´s Family,5-6-0,.455,1.0,L1,2081,189.2,2218,201.6,1-2-0,3-4-0
10,2022,11,GronkSpike,5-6-0,.455,1.0,L2,2017,183.4,2130,193.6,2-1-0,3-4-0
11,2022,11,Cowher Straight Outta Albacete,5-6-0,.455,1.0,W2,1857,168.8,2078,188.9,1-2-0,3-4-0
14,2022,11,Nafarroa Bills Kelly,8-3-0,.727,-,W1,2384,216.7,1972,179.3,3-0-0,6-1-0
15,2022,11,Pittsburgh Terror Lambert,8-3-0,.727,-,W3,2078,188.9,1983,180.3,2-1-0,6-1-0
16,2022,11,Indiana James,4-7-0,.364,4.0,L3,1765,160.5,1980,180.0,0-3-0,2-5-0
17,2022,11,El Predicador Almogávar,2-9-0,.182,6.0,L1,1968,178.9,2211,201.0,1-2-0,2-5-0
20,2022,11,Smith's Terrible Showdown,7-4-0,.636,-,W1,2190,199.1,2033,184.8,3-0-0,4-3-0
21,2022,11,Vlc Tigers Watt's,6-5-0,.545,1.0,L1,2242,203.8,2190,199.1,2-1-0,4-3-0
22,2022,11,Córdoba Gunslingers Favre,4-7-0,.364,3.0,L1,1896,172.4,2118,192.5,0-3-0,2-5-0
23,2022,11,Malaka Reed Poe,2-9-0,.182,5.0,W1,1915,174.1,2370,215.5,1-2-0,2-5-0
2,2022,12,Mile High Champ's,9-3-0,.750,-,W9,2672,222.7,2078,173.2,1-3-0,5-3-0
3,2022,12,Snake Stabler Raiders,8-4-0,.667,1.0,L2,2416,201.3,2256,188.0,2-2-0,4-4-0
4,2022,12,Isma Ray Ravens,7-5-0,.583,2.0,W2,2561,213.4,2268,189.0,3-1-0,6-2-0
5,2022,12,Medina Allen Bills,4-8-0,.333,5.0,L3,2132,177.7,2428,202.3,2-2-0,2-6-0
8,2022,12,Javier Big Ben Steelers,6-6-0,.500,-,L1,2390,199.2,2303,191.9,2-2-0,4-4-0
9,2022,12,The Adam´s Family,6-6-0,.500,-,W1,2297,191.4,2398,199.8,2-2-0,4-4-0
10,2022,12,GronkSpike,6-6-0,.500,-,W1,2231,185.9,2292,191.0,3-1-0,4-4-0
11,2022,12,Cowher Straight Outta Albacete,5-7-0,.417,1.0,L1,2037,169.8,2294,191.2,1-3-0,3-5-0
14,2022,12,Nafarroa Bills Kelly,9-3-0,.750,-,W2,2613,217.8,2063,171.9,4-0-0,7-1-0
15,2022,12,Pittsburgh Terror Lambert,9-3-0,.750,-,W4,2288,190.7,2128,177.3,3-1-0,7-1-0
16,2022,12,Indiana James,4-8-0,.333,5.0,L4,1856,154.7,2209,184.1,0-4-0,2-6-0
17,2022,12,El Predicador Almogávar,2-10-0,.167,7.0,L2,2113,176.1,2421,201.8,1-3-0,2-6-0
20,2022,12,Smith's Terrible Showdown,8-4-0,.667,-,W2,2401,200.1,2182,181.8,4-0-0,5-3-0
21,2022,12,Vlc Tigers Watt's,6-6-0,.500,2.0,L2,2449,204.1,2408,200.7,2-2-0,4-4-0
22,2022,12,Córdoba Gunslingers Favre,4-8-0,.333,4.0,L2,2045,170.4,2329,194.1,0-4-0,2-6-0
23,2022,12,Malaka Reed Poe,3-9-0,.250,5.0,W2,2133,177.8,2577,214.8,2-2-0,3-5-0
2,2022,13,Mile High Champ's,10-3-0,.769,-,W10,2896,222.8,2252,173.2,2-3-0,6-3-0
3,2022,13,Snake Stabler Raiders,9-4-0,.692,1.0,W1,2640,203.1,2430,186.9,3-2-0,5-4-0
4,2022,13,Isma Ray Ravens,7-6-0,.538,3.0,L1,2735,210.4,2492,191.7,3-2-0,6-3-0
5,2022,13,Medina Allen Bills,4-9-0,.308,6.0,L4,2306,177.4,2652,204.0,2-3-0,2-7-0
8,2022,13,Javier Big Ben Steelers,7-6-0,.538,-,W1,2596,199.7,2419,186.1,3-2-0,5-4-0
9,2022,13,GronkSpike,7-6-0,.538,-,W2,2419,186.1,2472,190.2,4-1-0,5-4-0
10,2022,13,The Adam´s Family,6-7-0,.462,1.0,L1,2477,190.5,2586,198.9,2-3-0,4-5-0
11,2022,13,Cowher Straight Outta Albacete,5-8-0,.385,2.0,L2,2153,165.6,2500,192.3,1-4-0,3-6-0
14,2022,13,Pittsburgh Terror Lambert,10-3-0,.769,-,W5,2514,193.4,2294,176.5,4-1-0,8-1-0
15,2022,13,Nafarroa Bills Kelly,9-4-0,.692,1.0,L1,2779,213.8,2289,176.1,4-1-0,7-2-0
16,2022,13,Indiana James,4-9-0,.308,6.0,L5,1998,153.7,2401,184.7,0-5-0,2-7-0
17,2022,13,El Predicador Almogávar,3-10-0,.231,7.0,W1,2305,177.3,2563,197.2,2-3-0,3-6-0
20,2022,13,Smith's Terrible Showdown,9-4-0,.692,-,W3,2648,203.7,2344,180.3,5-0-0,6-3-0
21,2022,13,Vlc Tigers Watt's,7-6-0,.538,2.0,W1,2657,204.4,2531,194.7,3-2-0,5-4-0
22,2022,13,Córdoba Gunslingers Favre,4-9-0,.308,5.0,L3,2168,166.8,2537,195.2,0-5-0,2-7-0
23,2022,13,Malaka Reed Poe,3-10-0,.231,6.0,L1,2295,176.5,2824,217.2,2-3-0,3-6-0
2,2022,14,Mile High Champ's,10-4-0,.714,-,L1,3100,221.4,2515,179.6,2-4-0,6-4-0
3,2022,14,Snake Stabler Raiders,9-5-0,.643,1.0,L1,2760,197.1,2612,186.6,3-3-0,5-5-0
4,2022,14,Isma Ray Ravens,8-6-0,.571,2.0,W1,2998,214.1,2696,192.6,4-2-0,7-3-0
5,2022,14,Medina Allen Bills,5-9-0,.357,5.0,W1,2488,177.7,2772,198.0,3-3-0,3-7-0
8,2022,14,Javier Big Ben Steelers,8-6-0,.571,-,W2,2824,201.7,2624,187.4,4-2-0,6-4-0
9,2022,14,GronkSpike,7-6-1,.536,.5,T1,2563,183.1,2616,186.9,4-1-1,5-4-1
10,2022,14,The Adam´s Family,6-8-0,.429,2.0,L2,2682,191.6,2814,201.0,2-4-0,4-6-0
11,2022,14,Cowher Straight Outta Albacete,5-8-1,.393,2.5,T1,2297,164.1,2644,188.9,1-4-1,3-6-1
14,2022,14,Pittsburgh Terror Lambert,11-3-0,.786,-,W6,2702,193.0,2421,172.9,5-1-0,9-1-0
15,2022,14,Nafarroa Bills Kelly,10-4-0,.714,1.0,W1,2999,214.2,2455,175.4,5-1-0,8-2-0
16,2022,14,Indiana James,4-10-0,.286,7.0,L6,2125,151.8,2589,184.9,0-6-0,2-8-0
17,2022,14,El Predicador Almogávar,3-11-0,.214,8.0,L1,2471,176.5,2783,198.8,2-4-0,3-7-0
20,2022,14,Smith's Terrible Showdown,9-5-0,.643,-,L1,2837,202.6,2558,182.7,5-1-0,6-4-0
21,2022,14,Vlc Tigers Watt's,8-6-0,.571,1.0,W2,2871,205.1,2720,194.3,4-2-0,6-4-0
22,2022,14,Malaka Reed Poe,4-10-0,.286,5.0,W1,2468,176.3,2943,210.2,3-3-0,4-6-0
23,2022,14,Córdoba Gunslingers Favre,4-10-0,.286,5.0,L4,2287,163.4,2710,193.6,0-6-0,2-8-0
